run_id,start_seconds,end_seconds
wide-researcher-1786007102-967595289764,1.831,198.679
deep-researcher-1786007102-658a76a571d0,1.840,212.730
reviewer-1786007102-1f75bb33baa4,1.919,242.088
data-analyst-1786007102-1fa9dd5c8217,1.949,140.681
wide-researcher-1786007102-94b674b08bb1,1.961,115.671
deep-researcher-1786007102-67faf45363c2,1.969,114.618
reviewer-1786007102-90152bcdf299,1.977,236.576
data-analyst-1786007102-971abbcc8952,2.002,212.661
wide-researcher-1786007102-13fbebbfaed1,2.010,79.358
deep-researcher-1786007102-2ddd2a95e92a,2.018,115.351
reviewer-1786007102-bc18aafaa48f,2.026,246.001
data-analyst-1786007102-6b8d0c2d3439,2.051,247.522
wide-researcher-1786007102-40da1c67fb49,2.060,213.611
deep-researcher-1786007102-53609cf7d1a3,2.069,47.369
reviewer-1786007102-5054a57f3f14,2.079,246.316
data-analyst-1786007102-4a1b3d914793,2.104,246.679
wide-researcher-1786007102-2d45ca12ce24,2.116,235.070
deep-researcher-1786007102-0c957addf801,2.131,64.148
reviewer-1786007102-47704dbd4346,2.140,203.495
data-analyst-1786007102-6616861d8142,2.167,232.349
wide-researcher-1786007102-3aa3bf96cb30,2.178,221.145
deep-researcher-1786007102-6d92c48b5589,2.188,105.002
reviewer-1786007102-2515048bef05,2.198,205.669
data-analyst-1786007102-e81e423a370f,2.221,248.522
wide-researcher-1786007102-cc0824ef29f0,2.229,224.348
deep-researcher-1786007102-4a8a7d743e1b,2.238,242.333
reviewer-1786007102-d79630554956,2.248,208.080
data-analyst-1786007102-ff5c1293b92b,2.269,246.812
wide-researcher-1786007102-629e98df557e,2.283,127.152
deep-researcher-1786007102-6f2c9fff23ac,2.293,135.976
reviewer-1786007102-186dc6699c8a,2.299,242.667
data-analyst-1786007102-c70973828d9b,2.328,114.329
wide-researcher-1786007102-103a81cfc6d8,2.342,243.375
deep-researcher-1786007102-134ecf2cb368,2.352,122.086
reviewer-1786007102-7c210ce78951,2.362,203.079
data-analyst-1786007102-935cba24f48d,2.387,242.388
wide-researcher-1786007102-57eb93c8dd8a,2.396,120.114
deep-researcher-1786007102-46119d028824,2.411,105.385
reviewer-1786007102-2d0623926635,2.421,230.045
data-analyst-1786007102-09c910c49873,2.446,236.146
wide-researcher-1786007102-738f41466bb6,2.456,76.562
deep-researcher-1786007102-c15134a72524,2.467,128.205
reviewer-1786007102-2d303d74d1f9,2.477,179.339
data-analyst-1786007102-34fe4cd39ca8,2.503,240.202
wide-researcher-1786007102-ef590a1d18a3,2.514,92.596
deep-researcher-1786007102-0facd40c1a71,2.525,129.792
reviewer-1786007102-717fe269eb12,2.539,225.654
data-analyst-1786007102-7784c30c7a3e,2.569,208.065
wide-researcher-1786007102-2a2ec9f831fa,2.579,175.269
deep-researcher-1786007102-4b454f45ab28,2.589,105.618
reviewer-1786007102-2c1a4db0959d,2.600,213.138
data-analyst-1786007102-0ff78ca6b065,2.625,238.638
wide-researcher-1786007102-baea140707f8,2.635,94.843
deep-researcher-1786007102-5b2eb7d8a0dc,2.646,228.384
reviewer-1786007102-9f29d2bb6f2d,2.656,203.042
data-analyst-1786007102-04a3092e6b57,2.682,246.467
wide-researcher-1786007102-5b0032be66d6,2.692,153.530
deep-researcher-1786007102-93c97dcd5fa0,2.703,100.762
reviewer-1786007102-1b7c009465c4,2.714,251.588
data-analyst-1786007102-5ea292197f36,2.740,173.809
wide-researcher-1786007102-eba49cac08fd,2.750,184.082
deep-researcher-1786007102-12d2772d4a39,2.759,66.444
reviewer-1786007102-cd1a106d1568,2.769,248.539
data-analyst-1786007102-9d111081a3ef,2.789,215.899
wide-researcher-1786007102-d67376103074,2.799,216.634
deep-researcher-1786007102-a7da36dc5adb,2.810,104.938
reviewer-1786007103-82d908d1ec8e,2.821,211.676
data-analyst-1786007103-2071eda4dfc8,2.846,237.765
wide-researcher-1786007103-9969cef04ff8,2.852,143.787
deep-researcher-1786007103-2a491ef61148,2.867,90.584
reviewer-1786007103-bc379172465f,2.875,203.789
data-analyst-1786007103-17ec276d5d56,2.904,235.608
wide-researcher-1786007103-04fd93136ca4,2.923,88.060
deep-researcher-1786007103-28acea17377a,2.935,125.836
reviewer-1786007103-fd02134543de,2.950,190.831
data-analyst-1786007103-c1184dc5cc99,2.982,175.691
wide-researcher-1786007103-0ecd9ff1fbbf,2.992,115.305
deep-researcher-1786007103-b2e5882e4b42,3.003,72.836
reviewer-1786007103-b5d66f4c1921,3.014,186.069
data-analyst-1786007103-243a58b45adf,3.041,240.423
wide-researcher-1786007103-177d25920ccd,3.051,174.764
deep-researcher-1786007103-ba3203ab719a,3.062,127.424
reviewer-1786007103-735b9e33bc02,3.072,224.661
data-analyst-1786007103-ccf2e6a6a533,3.095,234.876
wide-researcher-1786007103-3092910c36af,3.105,105.414
deep-researcher-1786007103-c20bcf8cbbcc,3.115,186.295
reviewer-1786007103-8e819e025453,3.125,225.786
data-analyst-1786007103-4b9e0a57b08a,3.150,153.430
wide-researcher-1786007103-2f2b3d849a36,3.161,189.278
deep-researcher-1786007103-4bc332166339,3.168,113.526
reviewer-1786007103-4a37815dcffc,3.182,254.445
data-analyst-1786007103-788526c8d9ad,3.204,220.162
wide-researcher-1786007103-015b7cafe2d2,3.219,111.977
deep-researcher-1786007103-b03d7fb0a644,3.230,144.879
reviewer-1786007103-d54ac476880a,3.240,243.445
data-analyst-1786007103-e8c4fa8d5376,3.266,242.991
wide-researcher-1786007103-81a8abc5f8ce,3.276,103.710
deep-researcher-1786007103-18bd9a5d2709,3.286,131.888
reviewer-1786007103-d3de2f84a566,3.296,237.594
data-analyst-1786007103-9ff082ee6a45,3.317,185.858
wide-researcher-1786007103-9050f9ff2029,3.327,171.610
deep-researcher-1786007103-912132608b5d,3.342,122.024
reviewer-1786007103-a88f086997ef,3.353,234.927
data-analyst-1786007103-528be65bcc60,3.378,173.986
wide-researcher-1786007103-faabfd6292da,3.388,107.696
deep-researcher-1786007103-ec22010784ab,3.399,262.100
reviewer-1786007103-b9347ef52865,3.410,258.782
data-analyst-1786007103-6dd83182b332,3.437,228.516
wide-researcher-1786007103-61b47960dcbd,3.448,155.932
deep-researcher-1786007103-40013cba9439,3.458,107.411
reviewer-1786007103-453bd0c0d98c,3.468,254.237
data-analyst-1786007103-84e1b6e0716a,3.493,191.387
wide-researcher-1786007103-5d9569275533,3.503,76.113
deep-researcher-1786007103-41a93907b358,3.513,131.843
reviewer-1786007103-03096240b931,3.527,215.976
data-analyst-1786007103-51b4bf93ffc7,3.553,221.962
wide-researcher-1786007103-2bc4011c86e1,3.563,130.023
deep-researcher-1786007103-3ae61afaab64,3.573,85.122
reviewer-1786007103-f2db7506f28a,3.583,196.432
data-analyst-1786007103-c64d48d51f8b,3.608,178.109
wide-researcher-1786007103-72b18e775002,3.618,121.718
deep-researcher-1786007103-d0c6579741d0,3.628,112.367
reviewer-1786007103-c6eef65226aa,3.637,239.939
data-analyst-1786007103-1b80c049b300,3.662,177.537
wide-researcher-1786007103-11f5f4cd451f,3.672,168.099
deep-researcher-1786007103-1e46dde5df7d,3.682,227.906
reviewer-1786007103-4cc4e1ff718b,3.692,245.633
data-analyst-1786007103-9cbb637ee914,3.717,239.800
wide-researcher-1786007103-c8c21b634db8,3.727,216.979
deep-researcher-1786007103-2ee96d434c41,3.737,215.668
reviewer-1786007103-abe5886c5222,3.748,221.370
data-analyst-1786007103-deb1c7768bc8,3.774,198.089
wide-researcher-1786007103-42374b2400ad,3.784,92.072
deep-researcher-1786007103-5431675a373f,3.795,136.626
reviewer-1786007103-db505c872c3b,3.810,240.477
data-analyst-1786007104-dca148f06501,3.835,173.702
wide-researcher-1786007104-bc5ea247b34b,3.845,52.537
deep-researcher-1786007104-92c4c3cc936e,3.854,100.776
reviewer-1786007104-1af930e09801,3.864,247.318
data-analyst-1786007104-c2a434c010ef,3.884,246.922
wide-researcher-1786007104-cba15d6ece0b,3.893,120.976
deep-researcher-1786007104-6c187a3d393d,3.902,230.120
reviewer-1786007104-56dc37e7f381,3.912,193.868
data-analyst-1786007104-d4e9855b5da0,3.937,243.135
wide-researcher-1786007104-cacbae7dd6ff,3.951,156.390
deep-researcher-1786007104-efe11d0c75ed,3.961,132.857
reviewer-1786007104-c49725c1bb3a,3.971,220.477
data-analyst-1786007104-ef86c3b8d0d4,3.997,243.245
wide-researcher-1786007104-c24e9b55a170,4.006,222.865
deep-researcher-1786007104-f8c2c46eb607,4.021,77.195
reviewer-1786007104-6d41dc30c95d,4.032,191.180
data-analyst-1786007104-af681bc82dac,4.055,231.620
wide-researcher-1786007104-f1c0404a3458,4.069,100.208
deep-researcher-1786007104-aa10af07b171,4.079,249.742
reviewer-1786007104-212b8bfb0c91,4.089,218.772
data-analyst-1786007104-68d3f77d646c,4.115,162.300
wide-researcher-1786007104-c90a80fa7fbe,4.124,85.495
deep-researcher-1786007104-f82ade4071b2,4.135,153.417
reviewer-1786007104-cfd667b37e5d,4.146,213.303
data-analyst-1786007104-2388c0b723d0,4.173,237.648
wide-researcher-1786007104-45ffc5db3109,4.183,167.547
deep-researcher-1786007104-57ba3ee8dafe,4.193,156.550
reviewer-1786007104-a39af128c400,4.204,204.141
data-analyst-1786007104-6ac9d2f65cbc,4.229,255.946
wide-researcher-1786007104-a3b759f08e89,4.239,103.981
deep-researcher-1786007104-62217d4a7e89,4.250,121.584
reviewer-1786007104-a849f406f552,4.260,179.276
data-analyst-1786007104-891cb594c174,4.292,237.946
wide-researcher-1786007104-09423cd3acdc,4.302,84.035
deep-researcher-1786007104-9f7a6a3cf181,4.316,127.135
reviewer-1786007104-a70ca246625f,4.326,220.600
data-analyst-1786007104-8709b060de8f,4.353,215.930
wide-researcher-1786007104-c37c3ce1bef8,4.363,127.721
deep-researcher-1786007104-5fb23384ab25,4.374,121.056
reviewer-1786007104-4c1336c1af6c,4.388,238.746
data-analyst-1786007104-1587ef0bb5fc,4.409,230.838
wide-researcher-1786007104-24748c2ba8a3,4.418,126.604
deep-researcher-1786007104-1c28d3538d57,4.433,123.686
reviewer-1786007104-56260271a5df,4.442,215.883
data-analyst-1786007104-ca1028d6a65d,4.467,239.601
wide-researcher-1786007104-4d884c01e64b,4.477,224.611
deep-researcher-1786007104-67571ab658f8,4.488,215.960
reviewer-1786007104-950458860ceb,4.500,173.240
data-analyst-1786007104-a13f41ff431c,4.526,234.211
wide-researcher-1786007104-2a3542a7d336,4.536,154.421
deep-researcher-1786007104-552af90d4856,4.547,246.642
reviewer-1786007104-3f5eb17bd507,4.558,157.451
data-analyst-1786007104-fea418ac9e2e,4.585,227.825
wide-researcher-1786007104-033ffbc5efc5,4.594,178.157
deep-researcher-1786007104-fbb2a9e34384,4.604,52.490
reviewer-1786007104-685e030b8bf7,4.615,205.574
data-analyst-1786007104-c0dc0c7ffe29,4.647,174.449
wide-researcher-1786007104-961759307982,4.657,87.179
deep-researcher-1786007104-7249da8af93b,4.667,234.390
reviewer-1786007104-58bb376decdf,4.678,226.734
data-analyst-1786007104-d794165f4d53,4.704,244.869
wide-researcher-1786007104-bb489532badc,4.714,131.162
deep-researcher-1786007104-d9941e4d3835,4.725,105.371
reviewer-1786007104-4f6a820698ea,4.736,211.564
data-analyst-1786007104-695227d61f0a,4.763,158.577
wide-researcher-1786007104-f6e53b6f8af0,4.774,82.008
deep-researcher-1786007104-7afd0c7f7f9c,4.787,80.658
reviewer-1786007104-78d68ece76f6,4.800,202.975
data-analyst-1786007104-2b45fd41176a,4.829,242.847
wide-researcher-1786007105-4ebaf08f8895,4.840,77.966
deep-researcher-1786007105-50f8a55304b4,4.851,73.561
reviewer-1786007105-779cb71654a6,4.862,198.307
data-analyst-1786007105-414fd66f23a1,4.895,152.082
wide-researcher-1786007105-0a75041b5660,4.907,74.906
deep-researcher-1786007105-8850b4bb74e1,4.919,194.487
reviewer-1786007105-0419476a5f4d,4.929,224.439
data-analyst-1786007105-4fb4db082128,4.956,240.600
wide-researcher-1786007105-7878179684cd,4.964,137.587
deep-researcher-1786007105-9ae556e0aaa7,4.972,156.333
reviewer-1786007105-69544d2058ff,4.980,173.210
data-analyst-1786007105-db017a83f0a9,5.003,243.008
wide-researcher-1786007105-533001ed0824,5.012,178.584
deep-researcher-1786007105-a511db4256b0,5.022,109.872
reviewer-1786007105-8ce0a6c49eb5,5.032,216.114
data-analyst-1786007105-d946abd1111b,5.058,224.366
wide-researcher-1786007105-bcf9071945ec,5.067,70.292
deep-researcher-1786007105-8b0130b0d1c3,5.080,137.635
reviewer-1786007105-b02aa7846a8a,5.089,220.781
data-analyst-1786007105-bcffc54002e2,5.119,240.660
wide-researcher-1786007105-981cbd836354,5.128,235.647
deep-researcher-1786007105-cddd0407549f,5.137,76.502
reviewer-1786007105-8e3378bceaa8,5.147,194.643
data-analyst-1786007105-2b1a8fbac764,5.172,242.299
wide-researcher-1786007105-cd9156fca871,5.181,180.476
deep-researcher-1786007105-f2997155fecd,5.191,249.797
reviewer-1786007105-445bd5766d36,5.201,203.608
data-analyst-1786007105-b1c5b0ae737c,5.226,249.761
wide-researcher-1786007105-db3988fdd245,5.236,231.848
deep-researcher-1786007105-e0802eac8b64,5.246,189.477
reviewer-1786007105-a044ea9a8453,5.257,205.994
data-analyst-1786007105-e6a7292f6768,5.282,216.319
wide-researcher-1786007105-d658f54b8591,5.292,101.485
deep-researcher-1786007105-72fe6fcb757d,5.302,112.250
reviewer-1786007105-3f0180bcdde3,5.312,252.809
data-analyst-1786007105-7c357558b50b,5.337,212.539
wide-researcher-1786007105-814730fe0972,5.347,110.516
deep-researcher-1786007105-3ebd187ac0e6,5.357,122.649
reviewer-1786007105-497be74d8b6a,5.367,224.775
data-analyst-1786007105-c352958653a6,5.392,227.516
wide-researcher-1786007105-93acee93989e,5.402,138.265
deep-researcher-1786007105-c9b1a998d911,5.413,119.458
reviewer-1786007105-3126c2ed3ba0,5.423,203.955
data-analyst-1786007105-7a35cff25c61,5.448,234.229
wide-researcher-1786007105-db3e1e3e4904,5.457,117.055
deep-researcher-1786007105-dd00868b7927,5.467,118.186
reviewer-1786007105-a20fe9fa6c08,5.476,235.336
data-analyst-1786007105-9ebce1065b99,5.494,247.207
wide-researcher-1786007105-1d6d00ef4782,5.502,169.776
deep-researcher-1786007105-9ad86795bf43,5.511,126.876
reviewer-1786007105-9c3c4afcf53a,5.519,255.809
data-analyst-1786007105-45a3f6ca15e0,5.540,231.687
wide-researcher-1786007105-7246ac99d713,5.549,110.864
deep-researcher-1786007105-97ddff217067,5.557,96.299
reviewer-1786007105-284bbe27e9f2,5.570,208.003
data-analyst-1786007105-666cdac5da32,5.595,189.420
wide-researcher-1786007105-173859feb65e,5.604,91.610
deep-researcher-1786007105-1b87dd6751e6,5.614,261.916
reviewer-1786007105-3db9418faf96,5.624,234.449
data-analyst-1786007105-f0f3c0a6907a,5.653,196.734
wide-researcher-1786007105-350ad1be0050,5.662,87.499
deep-researcher-1786007105-4d53baaac957,5.670,119.441
reviewer-1786007105-4419cee68b51,5.679,203.773
data-analyst-1786007105-3e2548dcca02,5.704,223.683
wide-researcher-1786007105-a3db8deabd7d,5.712,159.371
deep-researcher-1786007105-bf72edd95fbc,5.722,158.997
reviewer-1786007105-6ea58d5a07ee,5.730,163.278
data-analyst-1786007105-90649e099368,5.755,184.152
wide-researcher-1786007105-8675ff7987c7,5.763,241.117
deep-researcher-1786007105-dd40530b2c78,5.774,257.243
reviewer-1786007105-56503b8eb70c,5.784,240.786
data-analyst-1786007105-ea4e87bfd6f3,5.807,240.749
wide-researcher-1786007105-627dd3eecd9e,5.816,201.152
deep-researcher-1786007106-f01e3c19120f,5.826,95.979
reviewer-1786007106-04656c80fb8c,5.836,211.972
data-analyst-1786007106-0ed5ab836967,5.861,189.633
wide-researcher-1786007106-f8b2686cc5bc,5.870,86.977
deep-researcher-1786007106-f9278fd6a30b,5.880,223.742
reviewer-1786007106-559501da5715,5.889,231.650
data-analyst-1786007106-1bbabd6978cb,5.915,220.969
wide-researcher-1786007106-adeb7af4a71f,5.925,136.668
deep-researcher-1786007106-433326647488,5.935,107.515
reviewer-1786007106-de420735ac56,5.945,195.452
data-analyst-1786007106-b0ef562c177f,5.967,240.519
wide-researcher-1786007106-d7bba8d435ae,5.981,85.552
deep-researcher-1786007106-5347be8a37c5,5.991,118.031
reviewer-1786007106-e5299e0ac518,6.001,242.072
data-analyst-1786007106-1d455d582268,6.021,236.018
wide-researcher-1786007106-307272a80c9a,6.035,85.091
deep-researcher-1786007106-b8e470e96086,6.045,115.968
reviewer-1786007106-959f5dd275fc,6.055,203.254
data-analyst-1786007106-a8503045b5e6,6.077,240.801
wide-researcher-1786007106-e7e1388303fb,6.087,252.735
deep-researcher-1786007106-ff07ed8d47a2,6.097,97.806
reviewer-1786007106-f3b967fcfd8b,6.107,166.990
data-analyst-1786007106-c42c54f211ce,6.132,241.926
wide-researcher-1786007106-07dbc72ca195,6.142,137.427
deep-researcher-1786007106-1d9348f895cb,6.153,263.319
reviewer-1786007106-d20ef7dae469,6.164,224.400
data-analyst-1786007106-fda4660861df,6.185,233.773
wide-researcher-1786007106-47093f29395c,6.199,122.298
deep-researcher-1786007106-5a962325276c,6.209,239.420
reviewer-1786007106-f8f17ca3f199,6.219,206.918
data-analyst-1786007106-73c24b43e861,6.245,227.372
wide-researcher-1786007106-7de0babc04dc,6.255,164.182
deep-researcher-1786007106-9fb4ba29ec32,6.266,167.367
reviewer-1786007106-679c821d6f69,6.277,220.526
data-analyst-1786007106-e67f4a6ea949,6.304,230.061
wide-researcher-1786007106-6f2b26555abd,6.313,136.640
deep-researcher-1786007106-73b73f685369,6.323,97.104
reviewer-1786007106-c4918776b991,6.333,238.181
data-analyst-1786007106-34328ca4098f,6.359,231.240
wide-researcher-1786007106-cb38b8eb00c7,6.369,214.068
deep-researcher-1786007106-dbec634d01da,6.379,79.222
reviewer-1786007106-5505698bd930,6.389,234.723
data-analyst-1786007106-1973abe1e5d0,6.417,188.527
wide-researcher-1786007106-f7f1c7cd9af1,6.427,210.877
deep-researcher-1786007106-525f9e951794,6.437,247.649
reviewer-1786007106-d0d72ac9ba87,6.447,204.497
data-analyst-1786007106-dfbbb783f9bd,6.473,197.092
wide-researcher-1786007106-4a33beb5d12a,6.482,87.148
deep-researcher-1786007106-9f2ceab44580,6.491,235.868
reviewer-1786007106-cf82f0ba05ea,6.504,208.177
data-analyst-1786007106-f2f657a2d85e,6.529,233.034
wide-researcher-1786007106-381101391b98,6.538,123.650
deep-researcher-1786007106-f0c6b624573b,6.547,103.776
reviewer-1786007106-cf32e79f0eda,6.556,196.288
data-analyst-1786007106-26a33d9cf389,6.579,236.180
wide-researcher-1786007106-908b4090ebf7,6.591,77.980
deep-researcher-1786007106-d862d09d62a4,6.601,264.875
reviewer-1786007106-88dc7e5372c3,6.610,254.565
data-analyst-1786007106-27b5149c6d72,6.633,224.148
wide-researcher-1786007106-84384616620f,6.642,161.892
deep-researcher-1786007106-4770a81fbcc5,6.651,121.073
reviewer-1786007106-c589f0bc14bb,6.661,196.661
data-analyst-1786007106-19e20447558a,6.686,174.493
wide-researcher-1786007106-fa0ff12cf0f1,6.696,230.544
deep-researcher-1786007106-e0c65da2f892,6.706,86.785
reviewer-1786007106-cbb28d939465,6.716,168.114
data-analyst-1786007106-7861d75a6809,6.740,232.220
wide-researcher-1786007106-d80238b10e55,6.750,122.745
deep-researcher-1786007106-9088e1ddcb1b,6.760,100.314
reviewer-1786007106-1f9b577bfe0e,6.769,229.024
data-analyst-1786007106-b87c4f46ffe7,6.793,224.114
wide-researcher-1786007106-69809233d7f7,6.803,207.335
deep-researcher-1786007106-c8ee5678ca67,6.812,123.618
reviewer-1786007107-9eb70a120a47,6.822,239.504
data-analyst-1786007107-1da7b82d34a0,6.842,236.297
wide-researcher-1786007107-209afe373fe7,6.851,215.804
deep-researcher-1786007107-b94f4f1176a3,6.863,190.677
reviewer-1786007107-a0a87f890b9d,6.872,204.981
data-analyst-1786007107-478473e4f41a,6.898,199.711
wide-researcher-1786007107-5437b6f0a900,6.906,178.925
deep-researcher-1786007107-ae849f5cc28e,6.918,136.695
reviewer-1786007107-655dff5193ce,6.927,206.730
data-analyst-1786007107-a931c1314482,6.950,240.334
wide-researcher-1786007107-bb6fd9491af2,6.959,144.191
deep-researcher-1786007107-fe8c2506af2b,6.972,117.825
reviewer-1786007107-d7f33a943260,6.985,229.849
data-analyst-1786007107-ef12f276f89d,7.013,231.931
wide-researcher-1786007107-4116e5bcf9c8,7.023,62.086
deep-researcher-1786007107-e7ecbd90eb80,7.035,96.531
reviewer-1786007107-a2b27e2b466b,7.044,162.761
data-analyst-1786007107-2abbbd5a63c6,7.074,198.773
wide-researcher-1786007107-8046fe66b8ac,7.088,108.117
deep-researcher-1786007107-219172451ed7,7.106,148.540
reviewer-1786007107-6e9d59c090d0,7.114,210.926
data-analyst-1786007107-23bb837ecca6,7.135,241.530
wide-researcher-1786007107-921fed9bd1d4,7.143,107.021
deep-researcher-1786007107-ea00a371a681,7.151,99.745
reviewer-1786007107-b6bbe8608d01,7.159,258.849
data-analyst-1786007107-65eef7d27e97,7.179,209.284
wide-researcher-1786007107-6b7c4a16f562,7.187,227.986
deep-researcher-1786007107-4d60fba79463,7.196,163.575
reviewer-1786007107-f0dfbef400de,7.204,237.683
data-analyst-1786007107-8f28517ca986,7.228,219.365
wide-researcher-1786007107-a47b3996039b,7.238,225.193
deep-researcher-1786007107-889cfda70ce9,7.248,194.755
reviewer-1786007107-d1f3471cfaa5,7.259,187.566
data-analyst-1786007107-26c71c3fc821,7.286,237.700
wide-researcher-1786007107-f2f2270ef4c0,7.295,120.470
deep-researcher-1786007107-7365f0d6befb,7.305,73.547
reviewer-1786007107-55d76c86ed82,7.314,241.264
data-analyst-1786007107-1a47afc9c4fc,7.342,231.985
wide-researcher-1786007107-7c2f9b003094,7.351,72.729
deep-researcher-1786007107-251689fe9059,7.360,119.664
reviewer-1786007107-058b554ed6aa,7.369,207.599
data-analyst-1786007107-d4ce10226453,7.394,157.888
wide-researcher-1786007107-5e3862ed1ee6,7.404,111.929
deep-researcher-1786007107-1ae5cdfb5de0,7.414,222.199
reviewer-1786007107-0467d486a12d,7.424,191.793
data-analyst-1786007107-04d99b303bfc,7.446,246.956
wide-researcher-1786007107-1efcaeddd373,7.459,234.509
deep-researcher-1786007107-4b4947898881,7.469,120.896
reviewer-1786007107-b348b1b09edc,7.478,208.969
data-analyst-1786007107-592e5992570a,7.500,237.994
wide-researcher-1786007107-8dc1e78f7e40,7.513,148.509
deep-researcher-1786007107-a838531ad4d4,7.522,120.149
reviewer-1786007107-1cc335d93f42,7.532,237.716
data-analyst-1786007107-608037f783b6,7.555,229.670
wide-researcher-1786007107-ae085769bb19,7.569,118.722
deep-researcher-1786007107-3364541ecd9a,7.578,228.400
reviewer-1786007107-f640c4ae4fa7,7.587,168.812
data-analyst-1786007107-a64eebcecf1b,7.611,233.498
wide-researcher-1786007107-72d08efc0813,7.621,115.048
deep-researcher-1786007107-a0538951c2d6,7.631,240.618
reviewer-1786007107-5e8ca8570d34,7.641,201.723
data-analyst-1786007107-28b5dc2d639e,7.665,169.458
wide-researcher-1786007107-00288adb1b82,7.674,148.667
deep-researcher-1786007107-a49dea5f14e0,7.684,257.225
reviewer-1786007107-703834e6a069,7.694,233.444
data-analyst-1786007107-2a6a120e34a8,7.718,192.470
wide-researcher-1786007107-2135425c5285,7.728,174.571
deep-researcher-1786007107-966fbe8211c6,7.737,215.573
reviewer-1786007107-9565c5b5ae4a,7.747,217.905
data-analyst-1786007107-d1f455721469,7.774,205.829
wide-researcher-1786007107-2e9e476bc7b2,7.783,90.749
deep-researcher-1786007107-7ae840325dd7,7.792,246.991
reviewer-1786007107-0bdae249abe7,7.800,216.230
data-analyst-1786007108-cbfea711beef,7.823,237.527
wide-researcher-1786007108-a7e01149a02d,7.832,257.404
deep-researcher-1786007108-57cfb788575b,7.841,114.074
reviewer-1786007108-3b2fa420d3ad,7.850,187.990
data-analyst-1786007108-b56a8a4663c8,7.875,192.736
wide-researcher-1786007108-baaea008f4a1,7.885,233.669
deep-researcher-1786007108-ec1ff3039001,7.894,141.712
reviewer-1786007108-d7cd8094737c,7.904,168.042
data-analyst-1786007108-88a5b934f4d9,7.929,245.836
wide-researcher-1786007108-990ed2efddc4,7.939,115.033
deep-researcher-1786007108-7f098decc09b,7.948,180.972
reviewer-1786007108-3f4210e5615f,7.958,215.605
data-analyst-1786007108-7721d8d43937,7.982,240.883
wide-researcher-1786007108-aa4649e5f4c3,7.991,79.374
deep-researcher-1786007108-8f759da239fc,8.006,63.063
reviewer-1786007108-36fc5548dfc3,8.016,213.059
data-analyst-1786007108-f174efba4aa7,8.041,231.371
wide-researcher-1786007108-a907ab601632,8.050,101.766
deep-researcher-1786007108-a1fb9d333554,8.059,254.382
reviewer-1786007108-05a1aea05b02,8.069,221.160
data-analyst-1786007108-33a485803e99,8.094,236.162
wide-researcher-1786007108-d74efe36cd63,8.103,189.650
deep-researcher-1786007108-a2b2f1d64d14,8.113,235.966
reviewer-1786007108-c5b62f1e52b8,8.127,228.021
data-analyst-1786007108-1c2f93d0b268,8.152,163.260
wide-researcher-1786007108-5d84aa1446d9,8.161,159.567
deep-researcher-1786007108-41afdc5a0483,8.170,91.796
reviewer-1786007108-6305d3976587,8.180,205.759
data-analyst-1786007108-7919f1a9cb9c,8.200,224.715
wide-researcher-1786007108-48af175326c4,8.213,224.531
deep-researcher-1786007108-b4ef6154f770,8.223,253.043
reviewer-1786007108-d9faebcda7f2,8.236,197.417
data-analyst-1786007108-8903b2cb0d22,8.264,169.923
wide-researcher-1786007108-fde5480b54bf,8.273,92.372
deep-researcher-1786007108-f37587ad3fba,8.282,139.605
reviewer-1786007108-5b8a23eb5e76,8.291,183.447
data-analyst-1786007108-e7c5d0b47e89,8.314,187.354
wide-researcher-1786007108-13b3e08a00e2,8.323,112.885
deep-researcher-1786007108-9c966031386e,8.336,232.116
reviewer-1786007108-f48d739fbbec,8.346,174.734
data-analyst-1786007108-38b1a992e003,8.374,239.295
wide-researcher-1786007108-bc461c83c78b,8.383,102.055
deep-researcher-1786007108-a29a6e10b20e,8.392,216.964
reviewer-1786007108-8bf509412e53,8.401,237.665
data-analyst-1786007108-d6fa738b3ff1,8.425,220.617
wide-researcher-1786007108-cf137de709c8,8.438,229.351
deep-researcher-1786007108-a1a5d57a4f8a,8.447,148.698
reviewer-1786007108-92e4c7e10991,8.456,257.387
data-analyst-1786007108-ed9d1cfcfa44,8.480,210.574
wide-researcher-1786007108-5ab5321a153d,8.490,211.658
deep-researcher-1786007108-3977c36a0d99,8.499,114.146
reviewer-1786007108-3d200a693f79,8.512,160.081
data-analyst-1786007108-0c26102a0112,8.535,198.270
wide-researcher-1786007108-1c6c674bbb05,8.544,73.871
deep-researcher-1786007108-ec88b4c5b6bd,8.553,164.732
reviewer-1786007108-357f2ce4dda2,8.562,235.437
data-analyst-1786007108-7af1166c6b54,8.596,138.058
wide-researcher-1786007108-9c8e5bb25436,8.606,222.445
deep-researcher-1786007108-855a68378829,8.615,144.816
reviewer-1786007108-b463658eb3c2,8.627,220.308
data-analyst-1786007108-1ce6398b4e34,8.649,176.630
wide-researcher-1786007108-f579fc0dcc2c,8.658,98.892
deep-researcher-1786007108-29286693b3a3,8.667,239.008
reviewer-1786007108-f114e2228489,8.676,221.098
data-analyst-1786007108-a957207a69c6,8.705,243.083
wide-researcher-1786007108-02e34b67cd18,8.714,55.720
deep-researcher-1786007108-d6dc55705016,8.723,190.406
reviewer-1786007108-e97e5acef714,8.732,257.743
data-analyst-1786007108-9f9c366a67fd,8.754,239.330
wide-researcher-1786007108-50a1860017d5,8.768,161.862
deep-researcher-1786007108-6d252b785b4b,8.776,245.617
reviewer-1786007108-f1b32718efec,8.785,227.152
data-analyst-1786007108-6eb70f360912,8.805,217.941
wide-researcher-1786007108-9d374f762e7f,8.813,86.291
deep-researcher-1786007109-958082f9064f,8.821,104.840
reviewer-1786007109-002ade445307,8.829,204.320
data-analyst-1786007109-d88fc8bdecd8,8.846,174.283
wide-researcher-1786007109-6a24e21927b3,8.858,112.017
deep-researcher-1786007109-4b56c1403e1c,8.866,68.423
reviewer-1786007109-73bbb38c2233,8.875,206.473
data-analyst-1786007109-629ecc396e22,8.896,243.229
wide-researcher-1786007109-6eaab51b93b8,8.904,154.598
deep-researcher-1786007109-fe81a6300532,8.912,243.151
reviewer-1786007109-87f3aa293eef,8.920,227.841
data-analyst-1786007109-94da199db452,8.940,243.182
wide-researcher-1786007109-2d6ba87edc35,8.948,231.784
deep-researcher-1786007109-fbea0897f575,8.957,120.440
reviewer-1786007109-60d88de60189,8.965,216.828
data-analyst-1786007109-2230ace9046f,8.987,229.127
wide-researcher-1786007109-3d740c9e5022,8.995,136.707
deep-researcher-1786007109-63a50d0983f3,9.004,110.703
reviewer-1786007109-0e7bd142f63b,9.013,227.058
data-analyst-1786007109-f8695c891103,9.037,238.885
wide-researcher-1786007109-8555c82d910d,9.046,137.041
deep-researcher-1786007109-f854100556ac,9.055,247.069
reviewer-1786007109-eb574f9d6407,9.064,175.250
data-analyst-1786007109-e5545109e5fe,9.087,237.340
wide-researcher-1786007109-fd5775e07ba5,9.096,220.429
deep-researcher-1786007109-ed85ddde8920,9.105,141.133
reviewer-1786007109-d0db965e6cbf,9.114,217.799
data-analyst-1786007109-93a63e1de1b7,9.138,239.113
wide-researcher-1786007109-087506794d04,9.151,224.382
deep-researcher-1786007109-c85985739921,9.159,243.725
reviewer-1786007109-e18c4bc36865,9.167,207.537
data-analyst-1786007109-4e8d4b68389e,9.189,195.580
wide-researcher-1786007109-039296bd3ebc,9.198,163.508
deep-researcher-1786007109-22ee1fad318c,9.207,204.342
reviewer-1786007109-0a173d22f6fa,9.216,212.960
data-analyst-1786007109-f95041e6d8f5,9.240,231.098
wide-researcher-1786007109-f9f77e86a2a8,9.249,101.354
deep-researcher-1786007109-7b9c827312aa,9.258,216.477
reviewer-1786007109-8cc94e2222c1,9.267,253.252
data-analyst-1786007109-68dda0a6ca96,9.290,198.384
wide-researcher-1786007109-f8f07eead6ae,9.299,88.266
deep-researcher-1786007109-828f5c3ff983,9.308,227.231
reviewer-1786007109-b367fb552869,9.316,216.651
data-analyst-1786007109-ddc518022704,9.338,218.478
wide-researcher-1786007109-52eb939f6e5c,9.347,111.914
deep-researcher-1786007109-abdc1b5ae03d,9.355,173.026
reviewer-1786007109-e0378d453e4e,9.364,217.593
data-analyst-1786007109-6e0e4a1a8467,9.387,211.218
wide-researcher-1786007109-f678e18e2dc3,9.395,209.186
deep-researcher-1786007109-e35b09ca5d01,9.403,235.016
reviewer-1786007109-8847a97df4ff,9.411,203.204
data-analyst-1786007109-b60e90053ec4,9.438,231.081
wide-researcher-1786007109-e6b088b99349,9.448,143.623
deep-researcher-1786007109-5cc9534e954f,9.461,257.614
reviewer-1786007109-46902607fe63,9.470,243.276
data-analyst-1786007109-97cf78f1eb75,9.494,208.214
wide-researcher-1786007109-1b47e282861e,9.508,199.541
deep-researcher-1786007109-28edc1fd0f9d,9.522,65.311
reviewer-1786007109-23d2ea238ab8,9.531,216.213
data-analyst-1786007109-0fddf5f446d9,9.552,228.688
wide-researcher-1786007109-335cfc38926d,9.564,112.826
deep-researcher-1786007109-db7f2c3e5156,9.574,128.782
reviewer-1786007109-8f637348d22c,9.585,199.557
data-analyst-1786007109-c9ac4a846a4a,9.608,224.131
wide-researcher-1786007109-7af71f73d115,9.616,190.907
deep-researcher-1786007109-1f58e26c4319,9.635,136.058
reviewer-1786007109-1d102d7ec0ff,9.644,243.213
data-analyst-1786007109-f55c7175c91c,9.669,195.172
wide-researcher-1786007109-229e04a1fd6f,9.678,92.812
deep-researcher-1786007109-0e5480d871fc,9.687,139.450
reviewer-1786007109-83a841db8674,9.695,177.485
data-analyst-1786007109-8b08312e7704,9.717,240.637
wide-researcher-1786007109-406759e6539f,9.731,129.947
deep-researcher-1786007109-6b07d7460d7d,9.740,234.739
reviewer-1786007109-c3ed0c6b25c4,9.749,243.356
data-analyst-1786007109-0d9287ecdafe,9.770,245.119
wide-researcher-1786007109-e387f82e24f9,9.783,119.774
deep-researcher-1786007109-05e3ffd12719,9.791,135.079
reviewer-1786007109-32a725f113a9,9.801,216.286
data-analyst-1786007109-bd2a7a4e8fe7,9.829,164.328
wide-researcher-1786007110-660bab91de3c,9.837,208.882
deep-researcher-1786007110-e28f6b9592d4,9.851,122.329
reviewer-1786007110-192fbd73a2a3,9.860,207.767
data-analyst-1786007110-a9be27793d3e,9.895,229.606
wide-researcher-1786007110-4f9d15c1bd7b,9.904,138.433
deep-researcher-1786007110-1b70c08a1b51,9.912,59.879
reviewer-1786007110-971cc74968a4,9.920,220.984
data-analyst-1786007110-6550fcf265af,9.946,203.884
wide-researcher-1786007110-b2abddea8890,9.955,86.734
deep-researcher-1786007110-d1776f19497f,9.965,208.758
reviewer-1786007110-e82a5e8ceae5,9.975,240.949
data-analyst-1786007110-99bfc8e31281,9.999,200.203
wide-researcher-1786007110-71005a4f22f7,10.013,160.433
deep-researcher-1786007110-bd5c2f8a815a,10.022,93.314
reviewer-1786007110-b42b9a43a0ee,10.031,216.924
data-analyst-1786007110-5b6d70ab207d,10.054,173.440
wide-researcher-1786007110-5b218b8ebe5c,10.067,162.684
deep-researcher-1786007110-f727933e8b5f,10.079,145.416
reviewer-1786007110-ffbcd1e5f1c1,10.088,227.890
data-analyst-1786007110-c8ee84d63667,10.112,172.918
wide-researcher-1786007110-4d8581d48d98,10.131,253.027
deep-researcher-1786007110-6c6277c612d2,10.143,121.522
reviewer-1786007110-c09e1846dae5,10.152,174.170
data-analyst-1786007110-0091cea7c584,10.176,167.803
wide-researcher-1786007110-c0da332d9d1f,10.185,123.846
deep-researcher-1786007110-33d8571c6abc,10.194,130.372
reviewer-1786007110-2a58c8a41ad2,10.203,222.482
data-analyst-1786007110-4201c92c679e,10.227,240.819
wide-researcher-1786007110-698c6078cb06,10.246,212.168
deep-researcher-1786007110-2b118623d1a6,10.255,106.190
reviewer-1786007110-6064825eafb4,10.269,215.734
data-analyst-1786007110-407f86fa3a56,10.293,240.676
wide-researcher-1786007110-58a4c64c5fe0,10.302,239.202
deep-researcher-1786007110-947685403e7f,10.315,72.328
reviewer-1786007110-e106e46400a6,10.329,245.601
data-analyst-1786007110-746642ff2677,10.352,193.463
wide-researcher-1786007110-550a2ccb9b99,10.361,112.397
deep-researcher-1786007110-f04e50f7c9c1,10.371,123.143
reviewer-1786007110-fcb962b75153,10.383,234.676
data-analyst-1786007110-d89745623121,10.404,182.083
wide-researcher-1786007110-24d1e9f05088,10.417,116.182
deep-researcher-1786007110-5a8aa7df950e,10.426,173.613
reviewer-1786007110-f6ac0b2fee67,10.435,231.411
data-analyst-1786007110-d99addcbb60f,10.453,240.138
wide-researcher-1786007110-5668e3a4a7a3,10.461,141.053
deep-researcher-1786007110-942cff0e3705,10.469,120.298
reviewer-1786007110-1548b8faa989,10.477,234.093
data-analyst-1786007110-b4251bf6503a,10.495,240.836
wide-researcher-1786007110-e91484b7d56a,10.503,95.371
deep-researcher-1786007110-8d24744817b9,10.512,243.197
reviewer-1786007110-0ae2bdb4810b,10.520,246.199
data-analyst-1786007110-bff6238c0783,10.541,239.552
wide-researcher-1786007110-a80fcbd6d8b0,10.550,163.524
deep-researcher-1786007110-097cf7a23c2f,10.559,156.772
reviewer-1786007110-b0458af2f5fb,10.567,220.921
data-analyst-1786007110-09dd03f8f18f,10.588,231.546
wide-researcher-1786007110-826a8dd87912,10.598,199.900
deep-researcher-1786007110-cf8238040b2d,10.607,232.690
reviewer-1786007110-2bc35e52f92e,10.617,246.563
data-analyst-1786007110-96e9332ef6cc,10.642,211.317
wide-researcher-1786007110-fa8413a87040,10.651,183.021
deep-researcher-1786007110-bb503df2a455,10.660,118.407
reviewer-1786007110-3ceb77da4d79,10.669,244.377
data-analyst-1786007110-b27d9f96de89,10.693,237.797
wide-researcher-1786007110-f6a806c8ec3b,10.703,194.018
deep-researcher-1786007110-1b746332250b,10.713,128.990
reviewer-1786007110-4d8ccadad889,10.727,258.815
data-analyst-1786007110-40b69cb9af50,10.751,208.438
wide-researcher-1786007110-fc833bc1740d,10.759,219.733
deep-researcher-1786007110-5360a7a39ebe,10.768,60.419
reviewer-1786007110-35d0f6d9f5a2,10.777,196.375
data-analyst-1786007110-43ad7b919eca,10.800,237.259
wide-researcher-1786007110-5989e824807c,10.809,115.260
deep-researcher-1786007110-aef76ee7414e,10.818,98.500
reviewer-1786007111-233ad8f43b41,10.827,227.094
data-analyst-1786007111-e2830246cd71,10.848,226.325
wide-researcher-1786007111-bdd997e3262d,10.862,135.835
deep-researcher-1786007111-a5cb69cb091d,10.872,148.316
reviewer-1786007111-35fdfd2e35ce,10.881,208.339
data-analyst-1786007111-8a2118dc1719,10.903,232.543
wide-researcher-1786007111-cb9fa27efcd1,10.917,101.637
deep-researcher-1786007111-46dfc2d1c85f,10.926,194.516
reviewer-1786007111-f948b5acb18f,10.935,240.580
data-analyst-1786007111-a9bdc25480c2,10.962,234.894
wide-researcher-1786007111-2fcac9f986e6,10.970,127.524
deep-researcher-1786007111-6d6204cc401c,10.979,113.214
reviewer-1786007111-4e0ce13a730e,10.987,195.653
data-analyst-1786007111-7b89e9f17306,11.008,237.749
wide-researcher-1786007111-359fc14725d8,11.022,132.872
deep-researcher-1786007111-17f8609dcb48,11.035,119.492
reviewer-1786007111-268c5bcdb21a,11.046,175.941
data-analyst-1786007111-877fef461b22,11.074,248.505
wide-researcher-1786007111-d8143f3aa6c7,11.083,219.184
deep-researcher-1786007111-7dce9b6a27c2,11.096,243.557
reviewer-1786007111-6b709f9bdb57,11.110,224.457
data-analyst-1786007111-30aad9125a16,11.148,215.866
wide-researcher-1786007111-b259525002b0,11.156,171.476
deep-researcher-1786007111-be80d9fb0e2d,11.164,115.513
reviewer-1786007111-dc857e020bda,11.176,207.016
data-analyst-1786007111-f413ae580b8d,11.198,234.818
wide-researcher-1786007111-91dcc6e035fa,11.206,127.847
deep-researcher-1786007111-dc02e27563bd,11.215,132.152
reviewer-1786007111-f4e133e3eed1,11.223,220.127
data-analyst-1786007111-3aa09f1e1286,11.244,241.244
wide-researcher-1786007111-a2b6daaeabc2,11.257,89.828
deep-researcher-1786007111-a7e1b8218cc4,11.265,98.925
reviewer-1786007111-f596c69bc71e,11.274,207.033
data-analyst-1786007111-aea541d562c1,11.300,240.731
wide-researcher-1786007111-de693cd56f5e,11.313,136.612
deep-researcher-1786007111-9b57c4945d99,11.333,143.900
reviewer-1786007111-8bedcbd73c56,11.354,251.338
data-analyst-1786007111-f7a662ff0a9e,11.380,208.286
wide-researcher-1786007111-b5e35f84849b,11.389,197.466
deep-researcher-1786007111-2d3be1dc650f,11.402,230.261
reviewer-1786007111-b2ba4f267a2a,11.414,184.015
data-analyst-1786007111-51dc8199c11d,11.437,234.911
wide-researcher-1786007111-2d1d85070047,11.455,159.785
deep-researcher-1786007111-ad0833ca52c9,11.463,91.537
reviewer-1786007111-6242096c6709,11.471,231.288
data-analyst-1786007111-e23df8f84831,11.492,240.048
wide-researcher-1786007111-85a4241bad15,11.514,228.432
deep-researcher-1786007111-8b6e77ea8fbc,11.526,235.368
reviewer-1786007111-4bac5ed0423f,11.535,202.453
data-analyst-1786007111-6b06cf4631ee,11.553,242.603
wide-researcher-1786007111-b0ed13bfd0ff,11.566,156.320
deep-researcher-1786007111-1c52fcc43b08,11.578,124.926
reviewer-1786007111-978e7dd66fdb,11.591,204.125
data-analyst-1786007111-1467c8fbcc34,11.612,243.116
wide-researcher-1786007111-cf4f0bb2a86f,11.626,242.036
deep-researcher-1786007111-b2be846d2e48,11.638,120.679
reviewer-1786007111-1f113e3293b3,11.652,201.913
data-analyst-1786007111-cb20af0d8df9,11.672,230.445
wide-researcher-1786007111-1e1e2cde9c1d,11.684,148.079
deep-researcher-1786007111-dfe3beee4bf2,11.693,240.695
reviewer-1786007111-176932f4da10,11.702,216.265
data-analyst-1786007111-444db67a6a6c,11.729,242.878
wide-researcher-1786007111-4f855ca1ec12,11.743,121.642
deep-researcher-1786007111-b831225c1bbd,11.757,72.598
reviewer-1786007111-e2b54078cb0e,11.771,197.497
data-analyst-1786007111-eb9b8f86643d,11.804,240.713
wide-researcher-1786007111-2f2cedcd8df0,11.812,246.611
deep-researcher-1786007111-3c4935ec7b8d,11.821,246.903
reviewer-1786007112-9600acd82a3d,11.834,200.504
data-analyst-1786007112-3eba41eb481d,11.861,262.319
wide-researcher-1786007112-3ee516e6b045,11.870,178.287
deep-researcher-1786007112-6bde476a461e,11.884,86.718
reviewer-1786007112-7db05e5d0507,11.893,205.167
data-analyst-1786007112-0ce52140f2e9,11.919,238.010
wide-researcher-1786007112-cacfda623495,11.932,89.964
deep-researcher-1786007112-12aaf5d14b81,11.941,118.278
reviewer-1786007112-64f4891bc03a,11.950,204.998
data-analyst-1786007112-4b4839190807,11.972,234.998
wide-researcher-1786007112-219ab6bc9153,11.981,123.113
deep-researcher-1786007112-25aa84a3af58,11.990,231.203
reviewer-1786007112-757be07e755f,12.000,175.480
data-analyst-1786007112-9357abe02aed,12.028,240.441
wide-researcher-1786007112-8f1ed82fb0d1,12.037,113.121
deep-researcher-1786007112-16f1ebb45226,12.047,208.456
reviewer-1786007112-8cae1650165f,12.056,239.982
data-analyst-1786007112-54d2b3aff84b,12.079,178.564
wide-researcher-1786007112-e63115e49809,12.087,247.106
deep-researcher-1786007112-19a5f77a432d,12.096,130.326
reviewer-1786007112-161ba9cfde01,12.104,251.739
data-analyst-1786007112-c73f7cac20f4,12.129,156.784
wide-researcher-1786007112-bf36f700c310,12.139,155.288
deep-researcher-1786007112-7c983e8df1c7,12.149,273.949
reviewer-1786007112-4807daa9612e,12.158,220.836
data-analyst-1786007112-69449eae875b,12.181,246.167
wide-researcher-1786007112-452268daa71c,12.191,212.939
deep-researcher-1786007112-4e98d99af3ef,12.200,121.970
reviewer-1786007112-a4c3bdb4004b,12.214,248.421
data-analyst-1786007112-39df5b79b66c,12.238,248.299
wide-researcher-1786007112-776100450aa9,12.247,82.151
deep-researcher-1786007112-40ca485381da,12.257,120.953
reviewer-1786007112-8e3ef8c2dcd7,12.267,180.685
data-analyst-1786007112-f4155d8bc638,12.292,250.092
wide-researcher-1786007112-1e8c17cae5f4,12.301,180.868
deep-researcher-1786007112-abaf9b98fb00,12.311,86.921
reviewer-1786007112-91ecedf10bed,12.320,207.149
data-analyst-1786007112-dd54e4835255,12.351,222.311
wide-researcher-1786007112-0612a1ee1098,12.360,119.607
deep-researcher-1786007112-57d12596cf8f,12.374,89.071
reviewer-1786007112-a51db9e10048,12.383,185.411
data-analyst-1786007112-e6333f6d83e6,12.407,227.659
wide-researcher-1786007112-43f2c7eac94d,12.416,127.058
deep-researcher-1786007112-fc3f9a6fb494,12.425,92.566
reviewer-1786007112-b86ed508e7bb,12.434,174.117
data-analyst-1786007112-16dbe3d05954,12.455,210.049
wide-researcher-1786007112-d276321a637b,12.464,94.158
deep-researcher-1786007112-edf70acadc29,12.478,136.654
reviewer-1786007112-61b5ec5296b6,12.487,177.316
data-analyst-1786007112-45b1c0fa06c7,12.515,227.970
wide-researcher-1786007112-1c4edc1e7b68,12.533,121.818
deep-researcher-1786007112-efdcaf1d7496,12.546,245.855
reviewer-1786007112-ca179a7a9687,12.559,186.229
data-analyst-1786007112-8bee6bcc770a,12.581,225.058
wide-researcher-1786007112-091d52c8afe4,12.599,83.148
deep-researcher-1786007112-a545879225a6,12.608,119.233
reviewer-1786007112-b673a5970137,12.625,202.337
data-analyst-1786007112-dc878ecd9239,12.649,157.382
wide-researcher-1786007112-746c0061e689,12.661,139.234
deep-researcher-1786007112-6ced0bcd8ec8,12.674,150.304
reviewer-1786007112-30256d4f4d38,12.687,258.900
data-analyst-1786007112-bbdbac45a3e9,12.708,228.193
wide-researcher-1786007112-ebad8c10774e,12.721,118.423
deep-researcher-1786007112-8eff070e0981,12.729,172.933
reviewer-1786007112-92b7bbbff700,12.737,258.867
data-analyst-1786007112-2121c54b2c8d,12.764,210.175
wide-researcher-1786007112-781d37418acb,12.776,122.558
deep-researcher-1786007112-65249be2dfef,12.784,112.751
reviewer-1786007112-51f89b5e5593,12.792,253.121
data-analyst-1786007112-f7ced78541cc,12.818,230.577
wide-researcher-1786007113-eba81cc6be6c,12.834,120.878
deep-researcher-1786007113-61598d8f8a59,12.847,229.908
reviewer-1786007113-f730753d8622,12.860,246.626
data-analyst-1786007113-294e03f4a123,12.893,240.851
wide-researcher-1786007113-5c610033da81,12.901,118.585
deep-researcher-1786007113-821587839e45,12.913,106.334
reviewer-1786007113-11c1f4271e3e,12.926,184.912
data-analyst-1786007113-e74d006d8582,12.948,209.977
wide-researcher-1786007113-3951766c7c4c,12.962,167.842
deep-researcher-1786007113-c50b5127389c,12.971,86.152
reviewer-1786007113-1724417a3079,12.979,245.585
data-analyst-1786007113-10bd267dd3bf,13.000,240.498
wide-researcher-1786007113-288c40aef4a8,13.013,233.969
deep-researcher-1786007113-76199d7a8feb,13.026,92.638
wide-researcher-1786007113-65bcda59a313,13.034,213.963
deep-researcher-1786007113-88c7ed925234,13.042,130.216
wide-researcher-1786007113-c76db1dfcd27,13.050,85.138
deep-researcher-1786007113-f657fd51339d,13.058,67.856
wide-researcher-1786007113-da3f2da5658b,13.070,122.574
deep-researcher-1786007113-215203d6c74d,13.083,176.226
wide-researcher-1786007113-fa6b97537b09,13.091,160.901
deep-researcher-1786007113-147768ae3d0e,13.108,180.851
wide-researcher-1786007113-6330bce5e1b3,13.116,201.506
deep-researcher-1786007113-28eb4fca82af,13.132,243.063
wide-researcher-1786007113-1708f4db35e3,13.149,137.010
deep-researcher-1786007113-54c7ae12e903,13.157,254.502
wide-researcher-1786007113-286673e2cac7,13.169,152.377
deep-researcher-1786007113-67c8ba59c585,13.177,107.496
wide-researcher-1786007113-be01fd3d156f,13.185,156.644
deep-researcher-1786007113-97a6a7f18e20,13.193,168.011
wide-researcher-1786007113-f29c2fa07ff3,13.201,169.907
deep-researcher-1786007113-428e91dd80b8,13.209,234.468
wide-researcher-1786007113-550f9278da9b,13.222,158.495
deep-researcher-1786007113-7a82078644c9,13.231,84.753
wide-researcher-1786007113-9e680ef9ff0a,13.252,219.288
deep-researcher-1786007113-771f8f8cc693,13.266,152.731
wide-researcher-1786007113-2b459dc646bb,13.275,98.169
deep-researcher-1786007113-935bab8515e2,13.287,143.914
wide-researcher-1786007113-64f53ee925ef,13.296,85.803
deep-researcher-1786007113-372b7017bb82,13.315,150.411
wide-researcher-1786007113-d6514e45b383,13.329,184.327
deep-researcher-1786007113-9cd439acb398,13.347,127.440
wide-researcher-1786007113-138b3d84ed51,13.370,212.871
deep-researcher-1786007113-30ec9f28f9e0,13.379,157.044
wide-researcher-1786007113-8e7d953406ea,13.393,220.289
deep-researcher-1786007113-cbea99d2de2c,13.402,117.399
wide-researcher-1786007113-086eb080c279,13.415,241.188
deep-researcher-1786007113-b1acfb2e8ca1,13.424,229.512
wide-researcher-1786007113-78e533feb403,13.433,107.572
deep-researcher-1786007113-37fdad36a047,13.446,114.447
wide-researcher-1786007113-c15f9bb65539,13.455,173.317
deep-researcher-1786007113-7a859ee6a916,13.463,123.357
wide-researcher-1786007113-e228db547277,13.475,213.122
deep-researcher-1786007113-d964723455a1,13.484,247.705
wide-researcher-1786007113-8905a4596dd8,13.493,126.619
deep-researcher-1786007113-9196b87c657d,13.502,105.033
wide-researcher-1786007113-eb37320153cc,13.515,87.384
deep-researcher-1786007113-e47718a84801,13.524,140.844
wide-researcher-1786007113-76524a312cf9,13.533,121.731
deep-researcher-1786007113-aee68242973a,13.547,212.614
wide-researcher-1786007113-d6c785d1d72f,13.557,164.096
deep-researcher-1786007113-cfde1a16d9c5,13.567,92.911
wide-researcher-1786007113-42e5528b8a20,13.580,246.596
deep-researcher-1786007113-1a3f5293435b,13.590,119.806
wide-researcher-1786007113-c25e6312c3b1,13.600,112.172
deep-researcher-1786007113-8eb412a70876,13.609,236.769
wide-researcher-1786007113-ce441d33003a,13.623,149.319
deep-researcher-1786007113-3b2fabb2b37c,13.636,166.975
wide-researcher-1786007113-584b19a05359,13.645,219.333
deep-researcher-1786007113-a5f9e5076579,13.658,212.982
wide-researcher-1786007113-40030e6734c4,13.667,77.871
deep-researcher-1786007113-63e8e192d0d3,13.675,213.835
wide-researcher-1786007113-57e5fada8663,13.683,155.737
deep-researcher-1786007113-4f4b0fba632d,13.691,227.199
wide-researcher-1786007113-497a60b67fbf,13.699,85.027
deep-researcher-1786007113-8c80efd2a2c0,13.707,59.683
wide-researcher-1786007113-c96253f7fb94,13.716,138.121
deep-researcher-1786007113-87228cc3f149,13.725,175.568
wide-researcher-1786007113-1221c6d978d8,13.733,90.224
deep-researcher-1786007113-c1e992d62955,13.741,79.139
wide-researcher-1786007113-daf670eb7729,13.750,127.768
deep-researcher-1786007113-e4a2c26e6d9a,13.759,211.417
wide-researcher-1786007113-9e49b9fe2bae,13.767,236.543
deep-researcher-1786007113-4d98d6f815ec,13.776,116.234
wide-researcher-1786007113-7a38bdaeb19a,13.784,144.583
deep-researcher-1786007114-4a8caa6a025c,13.793,106.889
wide-researcher-1786007114-95e06f7f8867,13.802,86.099
deep-researcher-1786007114-a06c83fb2d4b,13.811,107.952
wide-researcher-1786007114-d062b5154049,13.823,155.722
deep-researcher-1786007114-9c89922f6112,13.832,149.762
wide-researcher-1786007114-06f7cd1e4d3f,13.845,91.767
deep-researcher-1786007114-f3889e2907b6,13.855,107.246
wide-researcher-1786007114-9edddadbdf18,13.867,97.520
deep-researcher-1786007114-bec95c52d3ad,13.878,121.910
wide-researcher-1786007114-118cb81f2dbe,13.891,97.884
deep-researcher-1786007114-87d389453f95,13.905,98.865
wide-researcher-1786007114-ee9094f6fbc8,13.915,220.669
deep-researcher-1786007114-d9b9954db633,13.929,137.476
wide-researcher-1786007114-23c1b205d766,13.942,117.936
deep-researcher-1786007114-d13c7396eb7a,13.956,157.115
wide-researcher-1786007114-3d16a97fc5d0,13.966,58.665
deep-researcher-1786007114-7a6ae7acecce,13.979,79.766
wide-researcher-1786007114-f700690ea1f7,13.998,181.430
deep-researcher-1786007114-5d504c49a5bb,14.007,233.949
wide-researcher-1786007114-086d45a7b366,14.020,192.243
deep-researcher-1786007114-a31a65beeec2,14.045,115.846
wide-researcher-1786007114-e0f485d5e69c,14.060,174.464
deep-researcher-1786007114-7de06564e544,14.073,119.742
wide-researcher-1786007114-d861772b2971,14.093,170.319
deep-researcher-1786007114-84f3e0c93cba,14.109,243.613
wide-researcher-1786007114-d487449521d3,14.129,231.800
deep-researcher-1786007114-b96b86b826df,14.139,189.967
wide-researcher-1786007114-5aaf3a758017,14.165,117.353
deep-researcher-1786007114-cf8697597244,14.181,172.278
wide-researcher-1786007114-2f01bbd0d0d8,14.199,118.517
deep-researcher-1786007114-814fb57968e7,14.207,65.206
wide-researcher-1786007114-962e05416988,14.216,122.760
deep-researcher-1786007114-de39d4074df3,14.228,131.732
wide-researcher-1786007114-070f17049339,14.237,114.650
deep-researcher-1786007114-56099ccfaaf5,14.245,144.398
wide-researcher-1786007114-eeb06d7552fc,14.254,115.657
deep-researcher-1786007114-c6ac2ac1a333,14.263,72.008
wide-researcher-1786007114-70cbb1a71254,14.277,192.060
deep-researcher-1786007114-7760862312f6,14.290,121.538
wide-researcher-1786007114-4bacd539cbc0,14.304,136.154
deep-researcher-1786007114-4198ab43484b,14.322,295.736
wide-researcher-1786007114-156a4030a79e,14.335,91.782
deep-researcher-1786007114-233159ecc7c8,14.352,251.290
wide-researcher-1786007114-6597936ba0c7,14.369,134.240
deep-researcher-1786007114-74be582e46e4,14.377,151.700
wide-researcher-1786007114-5336a63a40c3,14.399,149.594
deep-researcher-1786007114-3dc17128e5e9,14.407,223.160
wide-researcher-1786007114-84478ec393cc,14.429,129.005
deep-researcher-1786007114-28b2630b1f9e,14.437,130.419
wide-researcher-1786007114-fd31ca466de2,14.446,173.115
deep-researcher-1786007114-eaa9989bcf8d,14.454,166.088
wide-researcher-1786007114-c67d43a02d96,14.462,163.241
deep-researcher-1786007114-b133be9aba22,14.476,257.631
wide-researcher-1786007114-a61832d2f300,14.485,237.577
deep-researcher-1786007114-ccdfa3d65a9c,14.494,112.959
wide-researcher-1786007114-828e08b417bc,14.504,164.344
deep-researcher-1786007114-d76a97027e08,14.518,125.769
wide-researcher-1786007114-4c99a6131c64,14.543,214.084
deep-researcher-1786007114-c2c8552f283c,14.552,155.752
wide-researcher-1786007114-8da503548c44,14.565,182.306
deep-researcher-1786007114-05bb49d9d54f,14.592,88.045
wide-researcher-1786007114-3a383266152b,14.601,115.755
deep-researcher-1786007114-ea3795165745,14.619,162.052
wide-researcher-1786007114-2c5be21183d2,14.628,129.809
deep-researcher-1786007114-b5f71045b190,14.643,99.104
wide-researcher-1786007114-9e16474eb926,14.657,213.213
deep-researcher-1786007114-a53f653591e2,14.671,246.271
wide-researcher-1786007114-cf52c8cbc3e1,14.680,98.045
deep-researcher-1786007114-3aa0f3003385,14.689,117.738
wide-researcher-1786007114-26ba8c69fa3c,14.698,173.364
deep-researcher-1786007114-25cec512fb77,14.707,92.951
wide-researcher-1786007114-884e7553f4d7,14.717,113.753
deep-researcher-1786007114-c42f9a970582,14.731,121.657
wide-researcher-1786007114-00ca495bfba2,14.745,192.351
deep-researcher-1786007114-7220e6e6c5d1,14.759,246.580
wide-researcher-1786007114-fa4a5be905cc,14.778,71.837
deep-researcher-1786007114-f7743afb1cf5,14.787,221.494
wide-researcher-1786007115-526809771949,14.801,129.391
deep-researcher-1786007115-35df99aaf21a,14.815,119.791
wide-researcher-1786007115-ae6a802b3480,14.829,107.968
deep-researcher-1786007115-dd3bde1c457c,14.838,155.391
wide-researcher-1786007115-ed18ec91c8b3,14.858,127.118
deep-researcher-1786007115-372054de7ebf,14.873,102.882
wide-researcher-1786007115-bf57d5ec37ab,14.888,181.306
deep-researcher-1786007115-43ebaaecfaeb,14.907,262.084
wide-researcher-1786007115-b51543a9a46b,14.916,119.557
deep-researcher-1786007115-4a7355032277,14.931,202.353
wide-researcher-1786007115-70eb3e9600bd,14.946,55.840
deep-researcher-1786007115-e7ae890e2350,14.961,115.893
wide-researcher-1786007115-472d4a231d2e,14.975,120.085
deep-researcher-1786007115-89f97e452136,14.985,189.904
wide-researcher-1786007115-ecba305cb2ec,15.003,226.165
deep-researcher-1786007115-e0d89f3c4879,15.013,120.057
wide-researcher-1786007115-4c69b3c19dec,15.023,247.049
deep-researcher-1786007115-635de62d3241,15.033,240.284
wide-researcher-1786007115-5fe9b485048b,15.043,210.558
deep-researcher-1786007115-1d53c6994792,15.052,92.867
wide-researcher-1786007115-ab3c9c0eb780,15.062,138.326
deep-researcher-1786007115-64a7b0566eee,15.072,246.711
wide-researcher-1786007115-43c2c17b98cf,15.085,163.590
deep-researcher-1786007115-786ca215f1f2,15.094,247.387
wide-researcher-1786007115-c347dded2be0,15.105,77.900
deep-researcher-1786007115-069cf72a0652,15.114,120.663
wide-researcher-1786007115-d7469469ca3f,15.128,118.453
deep-researcher-1786007115-31b077c2c832,15.137,246.941
wide-researcher-1786007115-dee40e7d4031,15.147,127.816
deep-researcher-1786007115-e7f1a1075783,15.159,222.831
wide-researcher-1786007115-d65b48817ab4,15.173,141.517
deep-researcher-1786007115-9a8783e9330d,15.182,142.425
wide-researcher-1786007115-7a078216f82d,15.196,140.973
deep-researcher-1786007115-802e8e910bcc,15.206,276.952
wide-researcher-1786007115-3afdd952b2df,15.220,171.948
deep-researcher-1786007115-60c720dcc494,15.230,60.752
wide-researcher-1786007115-4bc8a20cdffc,15.245,133.136
deep-researcher-1786007115-8f07f88ccb17,15.260,112.222
wide-researcher-1786007115-114d9390c997,15.276,106.612
deep-researcher-1786007115-211efb5cebff,15.289,122.804
wide-researcher-1786007115-75a111d3b257,15.299,105.842
deep-researcher-1786007115-3806d64b8ccc,15.312,82.400
wide-researcher-1786007115-55f97801a4df,15.321,177.826
deep-researcher-1786007115-321c1d3b8817,15.335,142.306
wide-researcher-1786007115-fe000e15b1ed,15.348,236.804
deep-researcher-1786007115-2d4323daedfc,15.357,105.467
wide-researcher-1786007115-cd13f62293c2,15.366,220.707
deep-researcher-1786007115-4453511c6a57,15.379,188.103
wide-researcher-1786007115-6c7e3894b326,15.391,137.854
deep-researcher-1786007115-161490491fe4,15.401,154.720
data-analyst-1786007158-571d1aa86c38,64.519,94.024
data-analyst-1786007158-3d88bd0204e5,64.534,137.444
data-analyst-1786007158-1fbd26acee8f,64.547,89.273
data-analyst-1786007167-534624345e76,73.194,190.104
data-analyst-1786007167-bacbe24f77ca,73.207,158.675
data-analyst-1786007167-6b88dbea19d1,73.220,163.922
data-analyst-1786007173-3d7bbfaa29c9,79.281,173.179
data-analyst-1786007173-d49147be98dc,79.297,176.442
data-analyst-1786007173-e283890976ff,82.975,110.465
data-analyst-1786007177-997b4288ac0e,84.483,161.490
data-analyst-1786007177-618049263390,84.498,149.516
data-analyst-1786007177-4160f2572830,84.513,89.571
data-analyst-1786007184-007911f07c19,90.401,142.359
data-analyst-1786007184-fcaa141585cb,90.416,101.061
data-analyst-1786007184-d58c7b29b40a,90.430,128.708
data-analyst-1786007185-0654ad4439ec,91.704,189.026
data-analyst-1786007185-2657fd95150d,91.720,190.120
data-analyst-1786007185-91c289561d02,91.734,128.848
data-analyst-1786007185-a8954edbf48a,91.884,179.544
data-analyst-1786007185-9672fbe37516,91.899,181.004
data-analyst-1786007187-b36bf7faa1b5,92.981,141.698
data-analyst-1786007187-3fa37f1fbde2,92.994,156.346
data-analyst-1786007187-3ab0d055a04c,93.008,119.868
data-analyst-1786007188-73e0cad20e9a,94.592,142.411
data-analyst-1786007188-6a75ba4b6480,94.605,153.562
data-analyst-1786007185-49f4019749d4,94.732,138.515
data-analyst-1786007189-aa2a8607556a,95.088,164.562
data-analyst-1786007189-46cde3483a95,95.104,104.955
data-analyst-1786007189-0de5f3fb3639,95.119,153.156
data-analyst-1786007189-63ef2a2ceb67,95.389,160.824
data-analyst-1786007189-4d547a7928cc,95.405,179.875
data-analyst-1786007189-5d0e8dade002,95.424,174.655
data-analyst-1786007190-81c388e0d8c4,95.852,167.118
data-analyst-1786007190-7eda97acac5b,95.865,144.598
data-analyst-1786007190-df5f61e5b07e,95.878,173.087
data-analyst-1786007188-c1db90925d36,97.192,104.971
data-analyst-1786007192-2c062935f33c,98.224,127.257
data-analyst-1786007192-2b6a7198410a,98.240,112.154
data-analyst-1786007192-bf1fe0a6eaa6,98.256,108.160
data-analyst-1786007192-bf31aba58234,98.317,125.969
data-analyst-1786007192-35bfbaee4655,98.333,130.404
data-analyst-1786007192-71d842acb85b,98.346,159.536
data-analyst-1786007192-fa4843a2440c,98.413,179.652
data-analyst-1786007192-874e381ecbab,98.429,158.938
data-analyst-1786007192-f0e30b2f9912,98.444,134.442
data-analyst-1786007194-7ec6804a4487,99.630,120.007
data-analyst-1786007194-e74c6265514d,99.647,126.966
data-analyst-1786007194-7e70e7acee80,99.663,135.957
data-analyst-1786007197-ac5527823a37,103.412,149.531
data-analyst-1786007197-48e0ab85912d,103.426,148.196
data-analyst-1786007197-9c27bf5bf4db,103.440,134.364
data-analyst-1786007197-5b7fa77f3167,103.519,168.236
data-analyst-1786007197-0eb4b7cf9fde,103.533,152.127
data-analyst-1786007197-46c9e324e977,103.548,159.615
data-analyst-1786007197-b9e95b71db69,103.994,116.758
data-analyst-1786007197-50dc5affb6ed,104.010,120.751
data-analyst-1786007197-6b8861f5c5ef,104.022,111.683
data-analyst-1786007199-bdd809766377,105.914,179.196
data-analyst-1786007199-4b10e4b06e76,105.931,126.650
data-analyst-1786007200-2916061a3a71,106.362,145.836
data-analyst-1786007200-440240aaaece,106.376,125.806
data-analyst-1786007200-70957eae71e3,106.390,151.331
data-analyst-1786007200-13be28e097e5,106.799,142.255
data-analyst-1786007200-93a2c945e36a,106.813,134.256
data-analyst-1786007200-6923f0096985,106.828,148.713
data-analyst-1786007201-ac6589fde78a,107.343,154.376
data-analyst-1786007201-5c9da89f6520,107.359,134.380
data-analyst-1786007201-0508a60b91c6,107.375,152.039
data-analyst-1786007202-6baa0d2a9bbc,108.381,127.634
data-analyst-1786007202-d6b2e6f4a43f,108.394,158.171
data-analyst-1786007203-16e49d267052,110.066,136.964
data-analyst-1786007203-82e9f779afe8,110.080,155.607
data-analyst-1786007203-3e8e59071369,110.094,159.288
data-analyst-1786007199-b28ff0948ef3,111.378,169.475
data-analyst-1786007202-27b2015e3ad4,111.397,169.560
data-analyst-1786007205-69357a85b3d5,111.842,174.953
data-analyst-1786007205-403e6e295dea,111.858,125.473
data-analyst-1786007206-f28f6810a50c,113.052,162.253
data-analyst-1786007206-b8e603bcc06d,113.067,145.123
data-analyst-1786007206-2db6d8cafb8a,113.084,149.127
data-analyst-1786007205-616ba7e50e1d,113.156,149.335
data-analyst-1786007207-d162fd9c9666,113.673,134.532
data-analyst-1786007207-a0d9210d526b,113.690,180.884
data-analyst-1786007208-261ae4303212,114.345,143.020
data-analyst-1786007208-efdc59afb4aa,114.358,155.949
data-analyst-1786007208-b41d9583234c,114.371,148.462
data-analyst-1786007208-f3e7d3bd8588,114.500,153.748
data-analyst-1786007208-0ff21bc522d1,114.512,155.496
data-analyst-1786007208-8f9ebe7dcfd7,114.524,148.682
data-analyst-1786007208-4cfa21e12545,114.666,164.151
data-analyst-1786007208-509fe9a6bb05,114.682,156.740
data-analyst-1786007210-87419591e84e,116.548,136.948
data-analyst-1786007210-59e1d0a9e3a2,116.564,141.302
data-analyst-1786007210-43997e2a18a4,116.579,121.191
data-analyst-1786007207-2c675f3f879c,116.804,122.176
data-analyst-1786007211-268eb52a5e03,117.566,150.086
data-analyst-1786007211-f6acf4f8ec85,117.582,151.346
data-analyst-1786007211-0b9256a1e66c,117.598,138.500
data-analyst-1786007211-6cffa53771c9,117.613,158.353
data-analyst-1786007211-2b9d73c83267,117.627,139.136
data-analyst-1786007211-b1da11827dd9,117.642,178.943
data-analyst-1786007211-90ec266140b3,117.754,168.599
data-analyst-1786007211-d8ac919a9f18,117.771,136.597
data-analyst-1786007211-6283e91f1f53,117.789,123.280
data-analyst-1786007208-28a2c47ee437,118.534,122.875
data-analyst-1786007212-9555153ddbe6,119.042,176.649
data-analyst-1786007212-dea72bd167cc,119.251,207.843
data-analyst-1786007212-1609b1e83d98,119.268,138.090
data-analyst-1786007212-f1ef8e230463,119.285,150.182
data-analyst-1786007212-d6ac11abd8e0,119.303,165.721
data-analyst-1786007212-8f10a3695d93,119.821,157.061
data-analyst-1786007212-e8f7e56dc8cb,119.837,176.545
data-analyst-1786007213-c4164dbf038d,120.247,143.118
data-analyst-1786007213-f4725f8da7b1,120.262,132.008
data-analyst-1786007214-40ebe5c504ab,120.502,155.846
data-analyst-1786007214-874f4a96d14d,120.609,150.611
data-analyst-1786007212-7897dd37b692,120.711,156.192
data-analyst-1786007214-a576066d535c,120.784,135.034
data-analyst-1786007214-0eac9ac14964,120.807,157.200
data-analyst-1786007214-173ffc077336,120.827,150.112
data-analyst-1786007212-c81f4029936f,121.702,126.839
data-analyst-1786007212-36d5714925b0,121.745,135.592
data-analyst-1786007212-fb40f236193f,121.763,129.095
data-analyst-1786007212-71298ab48fda,121.799,164.359
data-analyst-1786007215-9ea06a24834f,121.847,155.629
data-analyst-1786007215-38715f7fcec7,121.862,154.151
data-analyst-1786007215-d30bb69bb0aa,122.039,143.256
data-analyst-1786007215-8c090d3637d1,122.053,134.903
data-analyst-1786007214-2d2f5e6bfe00,122.277,142.008
data-analyst-1786007212-72edc7ae6a49,122.504,154.037
data-analyst-1786007213-3f96bfa68cd7,122.590,135.744
data-analyst-1786007214-60e66ffcecf7,123.126,128.744
data-analyst-1786007217-f0ccf35c1045,123.171,137.732
data-analyst-1786007217-e25816444a9d,123.185,178.174
data-analyst-1786007217-574aa0c81326,123.200,135.819
data-analyst-1786007217-e34dac82d31f,123.212,129.229
data-analyst-1786007212-908b11ead402,123.261,157.182
data-analyst-1786007215-898b0892b66d,123.702,135.321
data-analyst-1786007214-a502fbd54f7e,123.789,130.388
data-analyst-1786007214-42e10c5a6771,123.994,177.046
data-analyst-1786007217-3cd04dfebea6,124.417,179.579
data-analyst-1786007217-0069d8d02ff4,124.430,150.364
data-analyst-1786007217-3f8a0cf5e0ab,124.443,165.418
data-analyst-1786007218-592e21e4210f,124.941,129.899
data-analyst-1786007218-89af6594a08c,124.954,158.546
data-analyst-1786007218-5c5f2222d06b,124.966,128.236
data-analyst-1786007212-6fd1f4054579,125.095,125.096
data-analyst-1786007215-8b89cabcec00,125.587,135.774
data-analyst-1786007217-37df36812947,125.999,127.558
data-analyst-1786007217-fa560c5f2cc6,126.392,162.191
data-analyst-1786007220-9636952cd4fb,127.877,135.759
data-analyst-1786007220-9ea20c9f66b4,128.105,135.365
data-analyst-1786007222-a6f376c113b6,128.126,155.210
data-analyst-1786007222-1c84b6f46586,128.139,149.303
data-analyst-1786007222-e339c4e85e9c,128.305,137.712
data-analyst-1786007222-2f2303c3f236,128.320,162.330
data-analyst-1786007222-1104f1d59722,128.333,148.232
data-analyst-1786007223-0377957d6769,128.653,142.967
data-analyst-1786007223-1283e399d6be,128.669,184.745
data-analyst-1786007223-42b24f7bd089,128.898,142.119
data-analyst-1786007223-69c895e90ab5,128.913,143.288
data-analyst-1786007223-964ec765818c,128.925,177.581
data-analyst-1786007223-ae44251117a6,128.939,163.015
data-analyst-1786007220-77e46a57cf5f,129.325,144.236
data-analyst-1786007220-597a11feb761,130.179,141.872
data-analyst-1786007224-e4156b5e5549,130.492,142.139
data-analyst-1786007224-4e97a471ae20,130.506,141.684
data-analyst-1786007224-dfd6045d02a9,130.519,142.548
data-analyst-1786007223-97d606a9abbb,131.026,138.530
data-analyst-1786007226-1e4189b7efca,131.605,157.368
data-analyst-1786007226-3352d1765f97,131.621,162.222
data-analyst-1786007226-2324c0841454,131.637,146.610
data-analyst-1786007223-580b1fb5340b,131.676,135.804
data-analyst-1786007223-8898e4a0848f,132.068,165.430
data-analyst-1786007220-94d2398b0296,132.197,132.197
data-analyst-1786007222-b15a29cf9249,133.387,133.388
data-analyst-1786007220-ddf6e5d28c5a,133.401,133.401
data-analyst-1786007229-ca021647bd10,135.410,175.111
data-analyst-1786007229-ec045cad4b0e,135.425,151.247
data-analyst-1786007229-dc12619150a3,135.882,149.141
data-analyst-1786007229-ba694a165532,135.898,144.831
data-analyst-1786007229-02860cd01ce8,135.915,155.478
data-analyst-1786007230-0270ba3f129d,136.723,166.648
data-analyst-1786007230-113980d7a7b5,136.736,152.052
data-analyst-1786007230-682027c4268d,136.749,163.971
data-analyst-1786007230-c4e9401fd017,136.903,158.886
data-analyst-1786007230-82b49efa3c41,136.915,158.385
data-analyst-1786007231-12c59f10fa5e,137.804,146.625
data-analyst-1786007231-96b79f17a7f2,137.820,157.731
data-analyst-1786007232-f0a573be3f45,138.358,157.701
data-analyst-1786007232-b32fc63c9a41,138.371,150.349
data-analyst-1786007232-4d57f100a3ff,138.384,156.471
data-analyst-1786007230-3c7f170d2ca5,139.350,142.343
data-analyst-1786007232-8fb9540d7899,139.373,162.668
data-analyst-1786007232-5541f7f2971b,139.389,151.713
data-analyst-1786007232-61797c65cf59,139.403,157.671
data-analyst-1786007232-024763c94468,139.708,145.865
data-analyst-1786007232-cfcb05f076cc,139.723,154.613
data-analyst-1786007232-2902c3d8e21c,139.736,146.213
data-analyst-1786007232-303b817d7ba3,139.894,150.099
data-analyst-1786007232-12f2e01f7623,139.906,170.662
data-analyst-1786007232-6a4273f9d408,139.920,172.482
data-analyst-1786007229-05d7cdff0c24,140.617,159.038
data-analyst-1786007231-711b17c7f46f,140.935,144.248
data-analyst-1786007233-743ee63073e7,141.069,156.237
data-analyst-1786007233-a4c38d8f965e,141.083,162.115
data-analyst-1786007235-d38f1cd308ec,142.271,161.907
data-analyst-1786007233-3b5bc213258b,142.511,155.783
data-analyst-1786007233-77e241131a9b,142.528,175.401
data-analyst-1786007234-6f12a4d24af6,143.065,149.430
data-analyst-1786007238-2392d8cbe662,144.206,180.558
data-analyst-1786007233-2750d15c569a,144.378,149.659
data-analyst-1786007238-70b9e1c497dd,144.642,175.836
data-analyst-1786007238-e696f67c97b7,144.657,170.124
data-analyst-1786007238-6e50621a04fa,144.670,170.204
data-analyst-1786007234-866d70037924,144.775,166.776
data-analyst-1786007233-5ede82dd95d5,145.154,145.154
data-analyst-1786007235-2f863e817786,145.851,145.851
data-analyst-1786007235-593296d6361e,146.419,146.419
data-analyst-1786007234-c50c3e20ed84,146.434,154.900
data-analyst-1786007240-8ff317e03188,147.119,153.065
data-analyst-1786007240-188bc210dea9,147.135,150.536
data-analyst-1786007240-17321e200eb7,147.149,155.678
data-analyst-1786007238-12d281b32198,147.332,162.269
data-analyst-1786007240-f9ae50080169,147.407,156.518
data-analyst-1786007240-4627ce83afbd,147.423,155.692
data-analyst-1786007240-0e8a6e2ee85d,147.437,153.732
data-analyst-1786007238-295fd8c12314,147.603,151.821
data-analyst-1786007244-07411e67631f,150.816,179.402
data-analyst-1786007244-75bec4809c6f,150.830,157.354
data-analyst-1786007247-4679067fdeb2,153.186,157.466
data-analyst-1786007247-ad1a32117b8b,153.199,162.777
data-analyst-1786007247-79c753dc784b,153.214,169.634
data-analyst-1786007247-0ccb21771783,153.274,165.821
data-analyst-1786007247-0216f303eff5,153.287,160.318
data-analyst-1786007247-6a1ce17c66bb,153.299,181.251
data-analyst-1786007244-e1be1dcee318,153.762,174.969
data-analyst-1786007249-54ba7c9a97cd,155.983,190.089
data-analyst-1786007249-1b2f879ec0d1,156.000,168.675
data-analyst-1786007249-59eec86161e6,156.035,175.514
data-analyst-1786007249-224b812b91e7,156.049,170.822
data-analyst-1786007249-bdd7a21d56b2,156.063,180.111
data-analyst-1786007250-612d9713a712,156.159,167.898
data-analyst-1786007250-bc6cfb7ae97e,156.206,169.376
data-analyst-1786007250-9e9bf8a81a3d,156.564,178.910
data-analyst-1786007250-21d7a0644493,156.578,176.324
data-analyst-1786007252-79005cf6c4af,157.798,167.995
data-analyst-1786007252-a701b1239cf1,157.811,170.233
data-analyst-1786007250-6dd081b8b1da,158.211,162.006
data-analyst-1786007253-c90448ac217e,158.318,180.605
data-analyst-1786007253-294aec9104db,158.776,173.395
data-analyst-1786007253-4d272019d43c,158.791,164.543
data-analyst-1786007253-35fb0f35507d,158.807,164.479
data-analyst-1786007249-2d95535c11c1,159.677,163.605
data-analyst-1786007252-2589bedfe962,160.203,162.131
data-analyst-1786007250-df0d588aad3a,160.810,160.811
data-analyst-1786007253-430ba51299a0,161.186,162.730
data-analyst-1786007250-a91e7dc9e98e,161.207,161.208
data-analyst-1786007250-339c7891e66c,161.221,161.222
data-analyst-1786007253-b8f07f237484,161.339,162.391
data-analyst-1786007250-ddf3c701f31d,161.455,163.957
data-analyst-1786007256-9a695e87f87c,161.800,168.857
data-analyst-1786007257-00adce0e32dd,162.632,188.543
data-analyst-1786007256-cf29b8763841,163.147,168.071
data-analyst-1786007257-10d7f8aa0b08,165.003,170.140
data-analyst-1786007260-84fb27ac2ea3,165.534,180.005
data-analyst-1786007260-bd4e1b771a62,165.548,179.004
data-analyst-1786007260-1c31c9aacf24,165.562,173.380
data-analyst-1786007260-580342f35825,165.659,174.240
data-analyst-1786007260-b25550efefe9,165.674,170.838
data-analyst-1786007260-17e087544564,165.687,170.853
data-analyst-1786007256-144d47d9830e,165.834,165.835
data-analyst-1786007257-092b2609f148,167.005,168.559
data-analyst-1786007268-f244a75fc7a7,175.199,179.019
data-analyst-1786007268-6eb940375863,175.290,199.372
data-analyst-1786007271-45e61267cd3f,175.969,198.909
data-analyst-1786007271-06b7a757a818,175.981,185.021
data-analyst-1786007271-5f6e348d985d,175.996,189.853
data-analyst-1786007268-2eb04259b520,177.061,177.061
data-analyst-1786007274-74a4d6bdf7aa,179.097,207.319
data-analyst-1786007274-d5f10129c16b,179.110,185.475
data-analyst-1786007275-a75674dae333,179.906,208.230
data-analyst-1786007275-354f43e77e00,179.921,199.171
data-analyst-1786007275-7ff61bac4dbe,179.934,186.729
data-analyst-1786007276-1c7cb9999bad,180.785,200.058
data-analyst-1786007276-8ab1da35529b,180.799,191.371
data-analyst-1786007276-fddfbcbb28f3,180.814,185.312
data-analyst-1786007276-4ccefa793a3a,181.157,199.356
data-analyst-1786007276-dde6b278b950,181.174,197.882
data-analyst-1786007276-cf30362b0705,181.190,189.011
data-analyst-1786007274-8a2dae858174,183.041,185.259
data-analyst-1786007279-5d032c62e6f6,184.539,204.206
data-analyst-1786007279-32d6c5bdbc04,184.555,216.715
data-analyst-1786007279-632ded315e94,186.310,195.606
data-analyst-1786007282-29c7f13d282c,186.361,190.922
data-analyst-1786007282-1c00d0407e0b,186.375,198.451
data-analyst-1786007282-1482c5f146b5,186.389,197.046
data-analyst-1786007288-17d3ac85f56d,192.656,208.616
data-analyst-1786007288-dafb01877dd6,192.673,198.989
data-analyst-1786007288-a13d169b7494,192.688,197.146
data-analyst-1786007294-631e6a7f2018,199.021,220.145
data-analyst-1786007294-09617f399713,199.036,220.043
data-analyst-1786007295-d6bc23eee72d,199.915,216.359
data-analyst-1786007295-a8cc91b50b3b,199.931,204.677
data-analyst-1786007296-2916971cbe6a,200.349,216.130
data-analyst-1786007296-2b6609a99a4f,200.365,207.226
data-analyst-1786007296-5551c9815f49,200.377,207.303
data-analyst-1786007294-887d86c099a9,202.055,206.442
data-analyst-1786007295-763ecfb6253c,202.285,207.567
data-analyst-1786007298-3b2d07f00799,203.305,218.546
data-analyst-1786007298-f4232a4f2765,203.320,218.325
data-analyst-1786007298-4b7cc5820b3c,203.334,221.634
data-analyst-1786007300-ed2582fcfecc,203.624,209.859
data-analyst-1786007300-a0c7b905a413,203.639,208.301
data-analyst-1786007300-e6b46dfe159c,206.317,208.050
data-analyst-1786007302-48b3bdb392f5,206.382,216.780
data-analyst-1786007302-5496ff51c23d,206.398,219.868
data-analyst-1786007302-c3228770c7c8,206.410,215.701
data-analyst-1786007305-d19704706eef,208.531,212.554
data-analyst-1786007305-69b95e36dd7e,208.548,219.016
data-analyst-1786007305-05f632cb52b7,208.563,216.392
data-analyst-1786007306-57893292c1ce,210.724,220.254
data-analyst-1786007306-f1c897ba6d53,210.740,216.339
data-analyst-1786007306-40a5c44313a6,210.754,216.007
data-analyst-1786007308-5139fc0950a5,211.907,218.150
data-analyst-1786007308-e02e94c2d5d5,212.032,217.503
data-analyst-1786007308-aa683c65fa09,212.048,216.812
data-analyst-1786007308-b0ad8e108b30,213.913,218.342
data-analyst-1786007308-d318c1bfb4fb,213.995,218.058
data-analyst-1786007308-7f25d4152301,214.225,218.257
data-analyst-1786007321-ed0284ae9a43,226.020,227.858
data-analyst-1786007321-7847334a3628,226.597,228.552
data-analyst-1786007321-ccdcad90432a,226.674,228.599
data-analyst-1786007327-541113112f49,230.167,236.929
data-analyst-1786007327-d15e309df653,230.182,234.594
data-analyst-1786007327-14c5234efe9e,230.196,234.755
data-analyst-1786007338-1ca646eb841c,242.683,243.292
data-analyst-1786007338-6739c978ac94,242.705,243.308
data-analyst-1786007338-089a56fc24a3,242.726,243.323
