code,name,rating,fee,available_days
SPK-001,Sven Vasquez,4.20,$8800.00,
SPK-002,Omar Eriksen,4.64,$14775.00,
SPK-003,Ines Tanaka,4.21,$12575.00,1;2;3
SPK-004,Mireille Lindqvist,4.52,$12025.00,3
SPK-005,Jonas Kovacs,3.53,$7025.00,3
SPK-006,Quentin Petrov,3.04,$10475.00,1
SPK-007,Wendell Ustinov,4.25,$6700.00,3
SPK-008,Rosa Zielinski,3.87,$12950.00,
SPK-009,Ines Tanaka,4.38,$5600.00,1;2;3
SPK-010,Zofia Vasquez,3.50,$12850.00,
SPK-011,Umut Petrov,4.84,$7900.00,1
SPK-012,Yusuf Kovacs,4.52,$12525.00,1
SPK-013,Bruno Grigoryan,3.90,$7825.00,1
SPK-014,Farid Jankowski,3.48,$15775.00,
SPK-015,Ines Eriksen,4.96,$8400.00,
SPK-016,Greta Kovacs,4.91,$10725.00,1;2
SPK-017,Greta Rasmussen,3.87,$13850.00,1;2;3
SPK-018,Hiro Lindqvist,3.60,$8775.00,1
SPK-019,Bruno Petrov,4.25,$13175.00,1
SPK-020,Xiomara Eriksen,4.48,$11125.00,1;2
SPK-021,Tamar Okonkwo,3.92,$8050.00,1;2;3
SPK-022,Quentin Grigoryan,4.68,$6800.00,1;2
SPK-023,Jonas Castellanos,4.36,$5225.00,2
SPK-024,Quentin Moreau,4.77,$5875.00,1
SPK-025,Nadia Zielinski,3.16,$8250.00,
SPK-026,Nadia Jankowski,4.16,$8650.00,1;2;3
SPK-027,Farid Zielinski,3.97,$9100.00,2;3
SPK-028,Ines Tanaka,3.39,$15950.00,
SPK-029,Vera Jankowski,4.29,$12325.00,
SPK-030,Mireille Moreau,4.13,$7150.00,1;2;3
SPK-031,Wendell Jankowski,4.89,$6225.00,1;2
SPK-032,Yusuf Petrov,3.94,$10775.00,1;2;3
SPK-033,Rosa Petrov,4.33,$5975.00,
SPK-034,Xiomara Petrov,3.88,$11050.00,2
SPK-035,Ada Sorensen,4.73,$8400.00,
SPK-036,Greta Tanaka,3.19,$7275.00,1;2;3
SPK-037,Ada Lindqvist,3.15,$10550.00,2;3
SPK-038,Rosa Grigoryan,3.57,$13800.00,
SPK-039,Deepak Sorensen,4.78,$10300.00,
SPK-040,Keiko Ustinov,3.68,$9750.00,1;2;3
SPK-041,Ines Grigoryan,4.35,$13175.00,3
SPK-042,Carmen Ustinov,3.27,$11650.00,1;2;3
SPK-043,Wendell Grigoryan,3.32,$13650.00,1;2;3
SPK-044,Sven Wieland,3.14,$9375.00,3
SPK-045,Sven Tanaka,4.42,$9100.00,1;2;3
SPK-046,Omar Castellanos,4.58,$6600.00,1
SPK-047,Xiomara Lindqvist,3.01,$11125.00,1;3
SPK-048,Wendell Vasquez,4.47,$13650.00,1;2;3
SPK-049,Xiomara Yamada,3.47,$15100.00,2;3
SPK-050,Wendell Tanaka,4.99,$7525.00,1;2;3
SPK-051,Bruno Vasquez,3.04,$15475.00,2
SPK-052,Ada Bergstrom,3.14,$8200.00,1;2;3
SPK-053,Wendell Yamada,4.47,$7175.00,1;2;3
SPK-054,Ada Eriksen,4.08,$6775.00,
SPK-055,Yusuf Okonkwo,3.76,$11400.00,1;2
SPK-056,Lars Okonkwo,4.72,$12775.00,1;2
SPK-057,Carmen Castellanos,4.08,$13475.00,
SPK-058,Deepak Yamada,3.93,$12100.00,2
SPK-059,Keiko Vasquez,4.10,$12350.00,
SPK-060,Priya Grigoryan,4.78,$10350.00,2
SPK-061,Bruno Fontaine,4.99,$11975.00,1;2;3
SPK-062,Ines Fontaine,3.89,$14850.00,1;3
SPK-063,Hiro Hashimoto,3.42,$14400.00,1;2;3
SPK-064,Mireille Fontaine,4.00,$15825.00,1;2;3
SPK-065,Zofia Xu,3.15,$12425.00,1;3
SPK-066,Yusuf Iyer,4.52,$11525.00,
SPK-067,Bruno Jankowski,4.25,$8250.00,1;3
SPK-068,Quentin Abbasi,3.13,$12750.00,1;2
SPK-069,Yusuf Zielinski,4.63,$10175.00,
SPK-070,Farid Lindqvist,4.60,$14525.00,1;2;3
SPK-071,Rosa Dimitrov,3.74,$5450.00,3
SPK-072,Wendell Eriksen,3.80,$13875.00,1;2;3
SPK-073,Priya Nakamura,3.77,$10125.00,1
SPK-074,Greta Fontaine,4.66,$5300.00,1;2;3
SPK-075,Lars Petrov,3.72,$6250.00,1;2;3
SPK-076,Hiro Moreau,4.09,$11800.00,1;2;3
SPK-077,Greta Quispe,3.30,$14175.00,1
SPK-078,Ada Hashimoto,3.71,$5250.00,3
SPK-079,Priya Hashimoto,3.80,$7300.00,1
SPK-080,Omar Ustinov,3.28,$14625.00,2
SPK-081,Greta Hashimoto,4.48,$7950.00,1;2;3
SPK-082,Nadia Nakamura,3.58,$12600.00,2;3
SPK-083,Hiro Eriksen,4.04,$11400.00,2;3
SPK-084,Omar Abbasi,3.19,$12300.00,3
SPK-085,Omar Hashimoto,4.62,$14025.00,1;3
SPK-086,Lars Quispe,3.51,$7075.00,1;3
SPK-087,Priya Petrov,3.07,$15925.00,
SPK-088,Rosa Ustinov,3.20,$11975.00,2
SPK-089,Farid Vasquez,3.24,$15950.00,
SPK-090,Greta Castellanos,3.20,$13450.00,
SPK-091,Farid Vasquez,4.31,$13700.00,3
SPK-092,Greta Castellanos,3.97,$10300.00,2;3
SPK-093,Wendell Abbasi,4.25,$5325.00,1
SPK-094,Hiro Sorensen,3.53,$9400.00,1;3
SPK-095,Nadia Hashimoto,3.67,$11425.00,1
SPK-096,Zofia Tanaka,4.73,$6050.00,1;2
SPK-097,Ada Vasquez,3.29,$10975.00,1;2
SPK-098,Farid Fontaine,4.65,$5625.00,1
SPK-099,Nadia Eriksen,3.28,$10525.00,1;2;3
SPK-100,Rosa Jankowski,3.19,$5200.00,1
SPK-101,Hiro Xu,4.53,$7250.00,1
SPK-102,Carmen Lindqvist,3.79,$6175.00,1;2
SPK-103,Xiomara Nakamura,3.16,$10850.00,1;2;3
SPK-104,Yusuf Grigoryan,3.46,$15900.00,1;2
SPK-105,Omar Rasmussen,4.04,$12525.00,1;2
SPK-106,Rosa Nakamura,3.15,$14600.00,
SPK-107,Yusuf Okonkwo,3.72,$10150.00,2;3
SPK-108,Tamar Sorensen,3.50,$6175.00,
SPK-109,Umut Hashimoto,4.42,$15425.00,2
SPK-110,Umut Fontaine,3.77,$5875.00,1;2;3
SPK-111,Hiro Okonkwo,3.59,$6750.00,
SPK-112,Xiomara Vasquez,4.93,$10950.00,3
SPK-113,Rosa Hashimoto,3.83,$9175.00,1;2;3
SPK-114,Ada Quispe,4.68,$12325.00,1;3
SPK-115,Farid Yamada,3.57,$8450.00,
SPK-116,Rosa Xu,3.46,$15400.00,2;3
SPK-117,Yusuf Abbasi,4.32,$7800.00,2
SPK-118,Priya Abbasi,3.01,$11550.00,1
SPK-119,Wendell Tanaka,3.76,$13050.00,3
SPK-120,Priya Hashimoto,3.57,$10400.00,1;2;3
