account_id,name,tier,status,opened
ACC-1001,Pinnacle Outfitters LLC,standard,active,2021-06-04
ACC-1002,Copperleaf Freight Group,standard,active,2022-11-22
ACC-1003,Copperleaf Robotics Co,standard,closed,2019-09-16
ACC-1004,Cascade Analytics Group,standard,active,2021-01-06
ACC-1005,Crescent Media LLC,plus,active,2021-08-06
ACC-1006,Northwind Labs Ltd,standard,closed,2019-05-17
ACC-1007,Aurora Goods Ltd,plus,active,2022-12-02
ACC-1008,Pinnacle Foods Ltd,standard,active,2020-10-26
ACC-1009,Silverline Logistics Inc,standard,active,2018-10-07
ACC-1010,Lakeside Freight LLC,standard,active,2020-05-06
ACC-1011,Crescent Supply Co,enterprise,active,2022-10-26
ACC-1012,Beacon Supply Group,plus,closed,2018-02-21
ACC-1013,Beacon Trading LLC,plus,active,2020-10-15
ACC-1014,Bright Media Ltd,standard,active,2022-01-11
ACC-1015,Aurora Logistics Inc,standard,active,2021-01-16
ACC-1016,Orchard Analytics Ltd,plus,closed,2022-12-01
ACC-1017,Marble Supply Co,standard,closed,2019-04-01
ACC-1018,Bluebird Supply Inc,plus,active,2019-03-21
ACC-1019,Beacon Supply LLC,plus,active,2018-12-16
ACC-1020,Pinnacle Studios Group,enterprise,closed,2019-01-13
ACC-1021,Lakeside Systems Group,plus,active,2022-05-18
ACC-1022,Redwood Robotics Ltd,plus,active,2021-10-21
ACC-1023,Bluebird Studios LLC,plus,active,2018-06-14
ACC-1024,Beacon Analytics Inc,enterprise,active,2020-11-17
ACC-1025,Ironclad Studios Ltd,plus,active,2019-06-26
ACC-1026,Silverline Robotics Inc,plus,active,2019-07-16
ACC-1027,Ironclad Goods Co,enterprise,active,2022-08-02
ACC-1028,Harbor Studios Inc,standard,active,2018-11-28
ACC-1029,Pinnacle Trading Ltd,standard,active,2019-08-04
ACC-1030,Pinnacle Outfitters Co,standard,active,2018-11-16
ACC-1031,Redwood Robotics Group,enterprise,active,2019-08-11
ACC-1032,Harbor Systems Co,enterprise,active,2021-04-13
ACC-1033,Harbor Labs Group,standard,active,2020-12-15
ACC-1034,Orchard Works Co,plus,active,2021-09-09
ACC-1035,Bluebird Trading Co,enterprise,active,2019-02-12
ACC-1036,Lakeside Labs Inc,standard,active,2018-08-17
ACC-1037,Lakeside Media Ltd,plus,active,2020-06-10
ACC-1038,Cascade Systems LLC,standard,closed,2020-03-11
ACC-1039,Cascade Labs Inc,plus,active,2019-05-09
ACC-1040,Crescent Robotics Group,enterprise,active,2020-02-17
ACC-1041,Cascade Works Co,standard,active,2022-11-08
ACC-1042,Northwind Systems LLC,plus,active,2019-02-11
ACC-1043,Ironclad Foods LLC,standard,active,2021-08-01
ACC-1044,Granite Systems Ltd,standard,active,2020-03-04
ACC-1045,Crescent Logistics Group,standard,active,2020-10-18
ACC-1046,Harbor Goods LLC,standard,active,2020-08-05
ACC-1047,Crescent Logistics Ltd,standard,active,2020-03-28
ACC-1048,Redwood Systems Group,standard,active,2020-09-08
ACC-1049,Granite Studios Co,standard,active,2020-12-21
ACC-1050,Silverline Foods Ltd,standard,closed,2021-08-05
ACC-1051,Ironclad Works Co,enterprise,active,2018-03-23
ACC-1052,Granite Robotics LLC,plus,active,2020-11-04
ACC-1053,Falcon Foods LLC,standard,active,2022-01-04
ACC-1054,Silverline Analytics Inc,standard,active,2021-01-11
ACC-1055,Lakeside Freight Inc,enterprise,closed,2018-03-03
ACC-1056,Orchard Logistics Co,plus,active,2022-03-04
ACC-1057,Aurora Supply Group,standard,active,2019-12-10
ACC-1058,Lakeside Textiles Group,enterprise,active,2020-11-26
ACC-1059,Aurora Foods Ltd,plus,active,2021-10-01
ACC-1060,Juniper Robotics Group,plus,active,2021-08-23
ACC-1061,Silverline Textiles Co,enterprise,active,2020-08-04
ACC-1062,Harbor Textiles Ltd,standard,active,2021-01-12
ACC-1063,Orchard Systems LLC,standard,active,2018-09-01
ACC-1064,Copperleaf Goods LLC,standard,active,2021-10-20
ACC-1065,Redwood Systems Co,enterprise,active,2021-12-17
ACC-1066,Marble Outfitters Ltd,standard,active,2018-02-22
ACC-1067,Northwind Freight Group,plus,active,2021-03-24
ACC-1068,Ironclad Analytics Group,standard,active,2018-02-10
ACC-1069,Redwood Systems Ltd,standard,active,2018-01-13
ACC-1070,Copperleaf Studios LLC,standard,active,2022-03-27
ACC-1071,Cascade Foods LLC,plus,active,2019-04-18
ACC-1072,Harbor Goods Co,plus,active,2021-06-20
ACC-1073,Orchard Studios Inc,plus,active,2022-02-13
ACC-1074,Harbor Textiles Inc,standard,active,2021-07-18
ACC-1075,Bright Freight Group,enterprise,active,2019-08-20
ACC-1076,Northwind Labs Group,standard,active,2022-05-01
ACC-1077,Aurora Studios Co,standard,active,2018-02-04
ACC-1078,Marble Foods Group,standard,active,2018-12-22
ACC-1079,Copperleaf Labs LLC,plus,active,2018-06-01
ACC-1080,Crescent Outfitters Inc,standard,closed,2019-10-15
ACC-1081,Pinnacle Labs LLC,standard,closed,2021-01-23
ACC-1082,Orchard Trading LLC,standard,active,2022-12-19
ACC-1083,Harbor Robotics Ltd,plus,active,2019-03-07
ACC-1084,Copperleaf Media Ltd,standard,active,2022-02-15
ACC-1085,Harbor Systems LLC,standard,active,2019-10-07
ACC-1086,Northwind Foods Inc,standard,active,2022-04-14
ACC-1087,Redwood Systems Inc,enterprise,active,2021-11-18
ACC-1088,Bluebird Works Inc,plus,closed,2020-02-12
ACC-1089,Cascade Textiles Co,plus,active,2021-01-24
ACC-1090,Aurora Robotics Inc,standard,active,2022-07-11
ACC-1091,Granite Trading Inc,standard,active,2018-09-09
ACC-1092,Granite Outfitters Inc,standard,active,2022-11-13
ACC-1093,Ironclad Supply LLC,plus,closed,2020-12-11
ACC-1094,Silverline Studios LLC,enterprise,active,2019-02-16
ACC-1095,Bluebird Foods Co,standard,active,2022-01-27
ACC-1096,Summit Textiles Ltd,plus,active,2021-11-20
ACC-1097,Silverline Systems Group,standard,active,2020-06-28
ACC-1098,Falcon Goods Inc,standard,active,2018-03-28
ACC-1099,Marble Labs Co,enterprise,active,2019-01-09
ACC-1100,Beacon Studios Inc,enterprise,active,2020-11-10
ACC-1101,Harbor Labs LLC,plus,closed,2018-02-27
ACC-1102,Silverline Robotics Group,enterprise,active,2021-06-16
ACC-1103,Summit Systems Ltd,standard,active,2019-03-24
ACC-1104,Redwood Freight Ltd,enterprise,active,2020-07-14
ACC-1105,Lakeside Systems LLC,standard,active,2018-09-13
ACC-1106,Summit Labs LLC,standard,active,2019-07-07
ACC-1107,Bluebird Logistics Inc,standard,active,2020-09-08
ACC-1108,Redwood Media LLC,standard,active,2022-05-02
ACC-1109,Redwood Trading Ltd,standard,active,2021-02-15
ACC-1110,Silverline Media Inc,enterprise,active,2020-10-03
ACC-1111,Marble Freight Group,plus,active,2022-09-23
ACC-1112,Cascade Analytics Ltd,plus,closed,2021-02-17
ACC-1113,Redwood Supply LLC,standard,active,2018-08-18
ACC-1114,Summit Works Inc,standard,active,2022-08-03
ACC-1115,Beacon Analytics Ltd,plus,closed,2018-05-03
ACC-1116,Harbor Logistics Ltd,plus,active,2022-05-22
ACC-1117,Crescent Trading Ltd,plus,active,2018-09-16
ACC-1118,Juniper Robotics Inc,standard,active,2019-04-01
ACC-1119,Bright Systems Inc,standard,active,2019-12-27
ACC-1120,Northwind Outfitters Ltd,plus,active,2018-01-06
ACC-1121,Lakeside Logistics LLC,standard,active,2019-12-04
ACC-1122,Bluebird Media LLC,standard,active,2022-11-15
ACC-1123,Beacon Goods Ltd,enterprise,active,2022-07-15
ACC-1124,Lakeside Labs Co,enterprise,active,2018-05-07
ACC-1125,Aurora Freight Ltd,enterprise,closed,2018-05-01
ACC-1126,Beacon Supply Inc,standard,active,2022-12-02
ACC-1127,Orchard Logistics Ltd,standard,closed,2022-01-23
ACC-1128,Ironclad Robotics Co,plus,active,2019-06-06
ACC-1129,Summit Systems LLC,standard,active,2022-01-10
ACC-1130,Harbor Foods Inc,plus,active,2021-03-10
