txn_id,account_id,net_amount,source_file
TXN-6439863,ACC-1031,1165.09,transactions/2024-07.csv
TXN-7491834,ACC-1012,761.22,transactions/2024-07.csv
TXN-2836616,ACC-1004,1269.04,transactions/2024-07.csv
TXN-5601460,ACC-1007,2611.00,transactions/2024-07.csv
TXN-7437795,ACC-1034,229.32,transactions/2024-07.csv
TXN-9068409,ACC-1033,531.57,transactions/2024-07.csv
TXN-2085012,ACC-1013,418.35,transactions/2024-07.csv
TXN-8284335,ACC-1040,1478.02,transactions/2024-07.csv
TXN-9095479,ACC-1015,1696.97,transactions/2024-07.csv
TXN-3889542,ACC-1028,1456.89,transactions/2024-07.csv
TXN-4250381,ACC-1016,4683.27,transactions/2024-07.csv
TXN-4398390,ACC-1023,1305.36,transactions/2024-07.csv
TXN-5469420,ACC-1013,2434.79,transactions/2024-07.csv
TXN-8897551,ACC-1013,895.17,transactions/2024-07.csv
TXN-1418770,ACC-1039,1150.66,transactions/2024-07.csv
TXN-1716201,ACC-1002,761.67,transactions/2024-07.csv
TXN-1907353,ACC-1033,47.49,transactions/2024-07.csv
TXN-6324824,ACC-1033,4943.60,transactions/2024-07.csv
TXN-2041901,ACC-1033,2182.72,transactions/2024-07.csv
TXN-9477074,ACC-1026,1325.33,transactions/2024-07.csv
TXN-9784831,ACC-1034,1972.55,transactions/2024-07.csv
TXN-1464160,ACC-1040,1271.67,transactions/2024-07.csv
TXN-3608115,ACC-1016,1286.72,transactions/2024-07.csv
TXN-6869002,ACC-1004,996.04,transactions/2024-07.csv
TXN-9058607,ACC-1023,53.12,transactions/2024-07.csv
TXN-3060058,ACC-1026,1316.27,transactions/2024-07.csv
TXN-3704061,ACC-1025,961.87,transactions/2024-07.csv
TXN-5376535,ACC-1027,527.83,transactions/2024-07.csv
TXN-8000256,ACC-1005,2221.95,transactions/2024-07.csv
TXN-8500760,ACC-1009,1307.47,transactions/2024-07.csv
TXN-5916363,ACC-1022,652.00,transactions/2024-07.csv
TXN-7696908,ACC-1002,2951.16,transactions/2024-07.csv
TXN-1590622,ACC-1004,196.41,transactions/2024-07.csv
TXN-3877269,ACC-1006,639.30,transactions/2024-07.csv
TXN-6058659,ACC-1012,1192.89,transactions/2024-07.csv
TXN-2760050,ACC-1019,393.15,transactions/2024-07.csv
TXN-3400908,ACC-1036,2899.70,transactions/2024-07.csv
TXN-6995888,ACC-1018,1121.22,transactions/2024-07.csv
TXN-8080746,ACC-1007,426.66,transactions/2024-07.csv
TXN-9743116,ACC-1025,1962.69,transactions/2024-07.csv
TXN-3255748,ACC-1022,996.83,transactions/2024-07.csv
TXN-1975376,ACC-1001,536.20,transactions/2024-07.csv
TXN-3838338,ACC-1006,1488.69,transactions/2024-07.csv
TXN-9282466,ACC-1028,786.05,transactions/2024-07.csv
TXN-1235711,ACC-1012,162.47,transactions/2024-07.csv
TXN-5162309,ACC-1025,2629.39,transactions/2024-07.csv
TXN-8233479,ACC-1010,387.12,transactions/2024-07.csv
TXN-9398120,ACC-1033,697.15,transactions/2024-07.csv
TXN-6418541,ACC-1031,1483.47,transactions/2024-07.csv
TXN-1618684,ACC-1039,2072.51,transactions/2024-07.csv
TXN-7103250,ACC-1006,1476.45,transactions/2024-07.csv
TXN-8035421,ACC-1029,61.45,transactions/2024-07.csv
TXN-8276006,ACC-1039,1983.19,transactions/2024-07.csv
TXN-2119324,ACC-1039,773.37,transactions/2024-07.csv
TXN-2371476,ACC-1010,741.10,transactions/2024-07.csv
TXN-7149597,ACC-1014,523.21,transactions/2024-07.csv
TXN-8017502,ACC-1003,2129.34,transactions/2024-07.csv
TXN-1712187,ACC-1038,954.67,transactions/2024-07.csv
TXN-6202024,ACC-1037,243.78,transactions/2024-07.csv
TXN-6590283,ACC-1038,823.78,transactions/2024-07.csv
TXN-8569680,ACC-1024,2334.44,transactions/2024-07.csv
TXN-1022196,ACC-1026,472.40,transactions/2024-08.csv
TXN-5953166,ACC-1031,549.86,transactions/2024-08.csv
TXN-9508069,ACC-1003,935.20,transactions/2024-08.csv
TXN-3779268,ACC-1028,60.76,transactions/2024-08.csv
TXN-5999560,ACC-1026,2350.03,transactions/2024-08.csv
TXN-9924418,ACC-1001,1791.53,transactions/2024-08.csv
TXN-4104558,ACC-1025,592.47,transactions/2024-08.csv
TXN-6068956,ACC-1006,2556.92,transactions/2024-08.csv
TXN-9553858,ACC-1030,1890.28,transactions/2024-08.csv
TXN-4387744,ACC-1012,1200.11,transactions/2024-08.csv
TXN-4895627,ACC-1034,275.07,transactions/2024-08.csv
TXN-5443477,ACC-1027,1246.01,transactions/2024-08.csv
TXN-6098404,ACC-1025,2399.67,transactions/2024-08.csv
TXN-5186003,ACC-1016,160.17,transactions/2024-08.csv
TXN-7094539,ACC-1029,23.50,transactions/2024-08.csv
TXN-2014899,ACC-1002,2006.52,transactions/2024-08.csv
TXN-2952798,ACC-1018,1995.57,transactions/2024-08.csv
TXN-3395529,ACC-1013,435.27,transactions/2024-08.csv
TXN-3102787,ACC-1039,2218.31,transactions/2024-08.csv
TXN-3975586,ACC-1035,1882.15,transactions/2024-08.csv
TXN-4391585,ACC-1031,136.62,transactions/2024-08.csv
TXN-4870931,ACC-1016,2001.71,transactions/2024-08.csv
TXN-1247669,ACC-1014,166.98,transactions/2024-08.csv
TXN-2417931,ACC-1011,2116.31,transactions/2024-08.csv
TXN-4420058,ACC-1001,15.02,transactions/2024-08.csv
TXN-4703311,ACC-1038,39.68,transactions/2024-08.csv
TXN-4926661,ACC-1005,2077.25,transactions/2024-08.csv
TXN-6833433,ACC-1001,1354.36,transactions/2024-08.csv
TXN-7460129,ACC-1007,779.31,transactions/2024-08.csv
TXN-9004849,ACC-1040,809.20,transactions/2024-08.csv
TXN-3842419,ACC-1039,1005.48,transactions/2024-08.csv
TXN-5794403,ACC-1019,21.36,transactions/2024-08.csv
TXN-2446434,ACC-1003,3005.83,transactions/2024-08.csv
TXN-6854211,ACC-1018,4797.42,transactions/2024-08.csv
TXN-8554281,ACC-1005,775.56,transactions/2024-08.csv
TXN-2219402,ACC-1011,2106.19,transactions/2024-08.csv
TXN-7883461,ACC-1008,733.63,transactions/2024-08.csv
TXN-1101360,ACC-1001,7.04,transactions/2024-08.csv
TXN-8247513,ACC-1020,329.34,transactions/2024-08.csv
TXN-7849806,ACC-1021,1053.23,transactions/2024-08.csv
TXN-9164125,ACC-1040,1747.51,transactions/2024-08.csv
TXN-5112483,ACC-1008,2094.32,transactions/2024-08.csv
TXN-7653522,ACC-1017,1126.77,transactions/2024-08.csv
TXN-2711009,ACC-1020,1702.88,transactions/2024-08.csv
TXN-2970528,ACC-1039,1922.49,transactions/2024-08.csv
TXN-3228485,ACC-1006,1938.65,transactions/2024-08.csv
TXN-3138245,ACC-1024,1900.25,transactions/2024-08.csv
TXN-2814506,ACC-1027,1250.06,transactions/2024-08.csv
TXN-4280775,ACC-1021,480.04,transactions/2024-08.csv
TXN-5473496,ACC-1037,2227.55,transactions/2024-08.csv
TXN-9370484,ACC-1027,698.71,transactions/2024-08.csv
TXN-3458324,ACC-1031,1246.00,transactions/2024-08.csv
TXN-6314930,ACC-1013,61.81,transactions/2024-08.csv
TXN-9602279,ACC-1002,2434.24,transactions/2024-08.csv
TXN-1599778,ACC-1024,994.88,transactions/2024-08.csv
TXN-2948089,ACC-1029,2212.86,transactions/2024-08.csv
TXN-3645191,ACC-1023,625.38,transactions/2024-08.csv
TXN-4177927,ACC-1003,290.57,transactions/2024-08.csv
TXN-5422141,ACC-1017,41.76,transactions/2024-08.csv
TXN-6056084,ACC-1039,56.00,transactions/2024-08.csv
TXN-6533098,ACC-1022,1493.06,transactions/2024-08.csv
TXN-6566124,ACC-1033,1735.25,transactions/2024-08.csv
TXN-9747737,ACC-1002,149.89,transactions/2024-08.csv
TXN-1452112,ACC-1037,2017.90,transactions/2024-08.csv
TXN-6170020,ACC-1037,1128.50,transactions/2024-08.csv
TXN-6533241,ACC-1015,609.75,transactions/2024-08.csv
TXN-9974979,ACC-1009,243.17,transactions/2024-08.csv
TXN-1605267,ACC-1019,119.35,transactions/2024-08.csv
TXN-5739369,ACC-1004,2034.05,transactions/2024-08.csv
TXN-7968312,ACC-1023,2345.86,transactions/2024-08.csv
TXN-9074155,ACC-1029,1388.57,transactions/2024-08.csv
TXN-9035298,ACC-1006,203.59,transactions/2024-08.csv
TXN-4725382,ACC-1016,1607.42,transactions/2024-08.csv
TXN-1912433,ACC-1036,291.02,transactions/2024-08.csv
TXN-2363093,ACC-1039,2267.26,transactions/2024-08.csv
TXN-2483488,ACC-1029,242.55,transactions/2024-08.csv
TXN-4029359,ACC-1018,103.68,transactions/2024-08.csv
TXN-4500509,ACC-1025,47.37,transactions/2024-08.csv
TXN-4870588,ACC-1035,2178.93,transactions/2024-08.csv
TXN-5380839,ACC-1001,1736.20,transactions/2024-08.csv
TXN-8532160,ACC-1028,1578.06,transactions/2024-08.csv
TXN-3023849,ACC-1013,1013.04,transactions/2024-09.csv
TXN-2095864,ACC-1039,1041.31,transactions/2024-09.csv
TXN-4264657,ACC-1013,2364.13,transactions/2024-09.csv
TXN-7024523,ACC-1022,1810.96,transactions/2024-09.csv
TXN-7567560,ACC-1023,275.90,transactions/2024-09.csv
TXN-9686094,ACC-1030,2063.23,transactions/2024-09.csv
TXN-1001482,ACC-1035,763.84,transactions/2024-09.csv
TXN-2825947,ACC-1036,4061.98,transactions/2024-09.csv
TXN-6849462,ACC-1025,684.99,transactions/2024-09.csv
TXN-9369023,ACC-1008,20.27,transactions/2024-09.csv
TXN-1882239,ACC-1004,3875.72,transactions/2024-09.csv
TXN-2992825,ACC-1018,1702.50,transactions/2024-09.csv
TXN-4604584,ACC-1001,890.56,transactions/2024-09.csv
TXN-4690006,ACC-1006,2419.53,transactions/2024-09.csv
TXN-5289562,ACC-1004,2012.54,transactions/2024-09.csv
TXN-5546522,ACC-1022,3500.73,transactions/2024-09.csv
TXN-8323710,ACC-1036,1808.94,transactions/2024-09.csv
TXN-3689305,ACC-1029,175.57,transactions/2024-09.csv
TXN-5614413,ACC-1006,1818.15,transactions/2024-09.csv
TXN-5697379,ACC-1023,374.22,transactions/2024-09.csv
TXN-6829455,ACC-1008,1849.58,transactions/2024-09.csv
TXN-1297418,ACC-1024,313.20,transactions/2024-09.csv
TXN-1722847,ACC-1022,779.14,transactions/2024-09.csv
TXN-5212330,ACC-1037,42.66,transactions/2024-09.csv
TXN-7737783,ACC-1007,3353.39,transactions/2024-09.csv
TXN-9452702,ACC-1007,1058.84,transactions/2024-09.csv
TXN-4092198,ACC-1033,128.98,transactions/2024-09.csv
TXN-4334146,ACC-1006,42.22,transactions/2024-09.csv
TXN-7315299,ACC-1014,1640.72,transactions/2024-09.csv
TXN-1107248,ACC-1037,411.09,transactions/2024-09.csv
TXN-5765049,ACC-1031,1767.72,transactions/2024-09.csv
TXN-6268300,ACC-1020,250.00,transactions/2024-09.csv
TXN-7235926,ACC-1021,1895.67,transactions/2024-09.csv
TXN-8754136,ACC-1020,256.28,transactions/2024-09.csv
TXN-2713479,ACC-1031,1849.88,transactions/2024-09.csv
TXN-4405812,ACC-1012,1592.20,transactions/2024-09.csv
TXN-5431134,ACC-1036,2674.75,transactions/2024-09.csv
TXN-7935161,ACC-1008,1581.18,transactions/2024-09.csv
TXN-4226393,ACC-1031,3256.38,transactions/2024-09.csv
TXN-4701449,ACC-1030,390.61,transactions/2024-09.csv
TXN-4940790,ACC-1022,316.96,transactions/2024-09.csv
TXN-8115478,ACC-1031,6.68,transactions/2024-09.csv
TXN-6861222,ACC-1017,2415.98,transactions/2024-09.csv
TXN-3224969,ACC-1034,2902.62,transactions/2024-09.csv
TXN-6632886,ACC-1019,2502.08,transactions/2024-09.csv
TXN-7510615,ACC-1037,1316.40,transactions/2024-09.csv
TXN-7815611,ACC-1019,2264.77,transactions/2024-09.csv
TXN-4524118,ACC-1014,4009.86,transactions/2024-09.csv
TXN-9649500,ACC-1018,1216.32,transactions/2024-09.csv
TXN-9830974,ACC-1018,838.22,transactions/2024-09.csv
TXN-6908410,ACC-1011,3700.81,transactions/2024-09.csv
TXN-1796036,ACC-1015,182.94,transactions/2024-09.csv
TXN-3031049,ACC-1026,670.75,transactions/2024-09.csv
TXN-6942841,ACC-1009,3804.63,transactions/2024-09.csv
TXN-7501856,ACC-1037,1311.60,transactions/2024-09.csv
TXN-1356642,ACC-1009,88.65,transactions/2024-09.csv
TXN-4035144,ACC-1037,373.75,transactions/2024-09.csv
TXN-6033448,ACC-1019,1252.40,transactions/2024-09.csv
TXN-4453524,ACC-1011,1065.07,transactions/2024-09.csv
TXN-8000546,ACC-1036,188.56,transactions/2024-09.csv
TXN-9433334,ACC-1040,1895.35,transactions/2024-09.csv
TXN-3248596,ACC-1027,1498.22,transactions/2024-09.csv
TXN-6869442,ACC-1036,961.59,transactions/2024-09.csv
TXN-8251660,ACC-1018,1850.75,transactions/2024-09.csv
TXN-1689727,ACC-1017,1662.77,transactions/2024-09.csv
TXN-3554736,ACC-1024,1977.20,transactions/2024-09.csv
TXN-5268048,ACC-1016,283.28,transactions/2024-09.csv
TXN-5496435,ACC-1013,1830.10,transactions/2024-09.csv
TXN-8812606,ACC-1040,1698.49,transactions/2024-09.csv
TXN-3930896,ACC-1007,1952.98,transactions/2024-09.csv
TXN-6508598,ACC-1033,682.10,transactions/2024-09.csv
TXN-2009692,ACC-1040,257.78,transactions/2024-09.csv
TXN-2571966,ACC-1030,611.56,transactions/2024-09.csv
TXN-7357160,ACC-1004,869.43,transactions/2024-09.csv
TXN-2693086,ACC-1001,1555.54,transactions/2024-09.csv
TXN-3221795,ACC-1004,383.16,transactions/2024-09.csv
TXN-3594071,ACC-1021,1258.41,transactions/2024-09.csv
TXN-8114366,ACC-1040,681.50,transactions/2024-09.csv
TXN-1170564,ACC-1035,1130.74,transactions/2024-09.csv
TXN-1252694,ACC-1013,1060.91,transactions/2024-09.csv
TXN-5951622,ACC-1004,384.11,transactions/2024-09.csv
TXN-1385408,ACC-1040,1031.54,transactions/2024-10.csv
TXN-2620144,ACC-1026,2248.97,transactions/2024-10.csv
TXN-4411526,ACC-1036,89.31,transactions/2024-10.csv
TXN-6074534,ACC-1004,927.89,transactions/2024-10.csv
TXN-8611652,ACC-1005,3006.04,transactions/2024-10.csv
TXN-1072094,ACC-1021,2306.28,transactions/2024-10.csv
TXN-3694407,ACC-1031,1105.95,transactions/2024-10.csv
TXN-7808974,ACC-1036,342.23,transactions/2024-10.csv
TXN-1511688,ACC-1030,2375.04,transactions/2024-10.csv
TXN-1673552,ACC-1002,4804.09,transactions/2024-10.csv
TXN-2442672,ACC-1009,383.17,transactions/2024-10.csv
TXN-4127975,ACC-1006,2541.28,transactions/2024-10.csv
TXN-5528616,ACC-1036,3834.38,transactions/2024-10.csv
TXN-8480059,ACC-1023,759.99,transactions/2024-10.csv
TXN-3244776,ACC-1014,2173.76,transactions/2024-10.csv
TXN-3601515,ACC-1039,1939.90,transactions/2024-10.csv
TXN-5031922,ACC-1023,2650.73,transactions/2024-10.csv
TXN-5279943,ACC-1011,763.19,transactions/2024-10.csv
TXN-5596114,ACC-1037,141.31,transactions/2024-10.csv
TXN-8392892,ACC-1018,3127.20,transactions/2024-10.csv
TXN-4820457,ACC-1009,796.87,transactions/2024-10.csv
TXN-2919427,ACC-1029,2489.38,transactions/2024-10.csv
TXN-3218103,ACC-1031,2819.08,transactions/2024-10.csv
TXN-4142469,ACC-1023,118.70,transactions/2024-10.csv
TXN-5506767,ACC-1039,89.03,transactions/2024-10.csv
TXN-9253082,ACC-1035,4959.77,transactions/2024-10.csv
TXN-9266084,ACC-1026,1975.29,transactions/2024-10.csv
TXN-1353085,ACC-1011,2240.74,transactions/2024-10.csv
TXN-8038765,ACC-1020,297.27,transactions/2024-10.csv
TXN-5198494,ACC-1040,2125.76,transactions/2024-10.csv
TXN-8469582,ACC-1028,374.09,transactions/2024-10.csv
TXN-3800894,ACC-1024,304.02,transactions/2024-10.csv
TXN-7674288,ACC-1025,715.71,transactions/2024-10.csv
TXN-8979687,ACC-1003,412.72,transactions/2024-10.csv
TXN-1071493,ACC-1006,78.09,transactions/2024-10.csv
TXN-2148850,ACC-1033,717.88,transactions/2024-10.csv
TXN-3381990,ACC-1013,169.44,transactions/2024-10.csv
TXN-4936601,ACC-1020,336.88,transactions/2024-10.csv
TXN-7027381,ACC-1035,3692.99,transactions/2024-10.csv
TXN-8081053,ACC-1021,1245.38,transactions/2024-10.csv
TXN-9566667,ACC-1008,1504.13,transactions/2024-10.csv
TXN-6843359,ACC-1022,1453.92,transactions/2024-10.csv
TXN-6877958,ACC-1001,166.69,transactions/2024-10.csv
TXN-8966967,ACC-1009,1886.55,transactions/2024-10.csv
TXN-1705186,ACC-1021,2230.20,transactions/2024-10.csv
TXN-2622520,ACC-1004,706.83,transactions/2024-10.csv
TXN-4490787,ACC-1015,661.29,transactions/2024-10.csv
TXN-8526494,ACC-1040,1777.08,transactions/2024-10.csv
TXN-9134506,ACC-1010,4177.69,transactions/2024-10.csv
TXN-3523548,ACC-1003,1062.54,transactions/2024-10.csv
TXN-2107693,ACC-1025,312.31,transactions/2024-10.csv
TXN-2648684,ACC-1029,2128.96,transactions/2024-10.csv
TXN-9316343,ACC-1006,3836.38,transactions/2024-10.csv
TXN-2871470,ACC-1005,728.50,transactions/2024-10.csv
TXN-3464436,ACC-1013,2282.83,transactions/2024-10.csv
TXN-9201419,ACC-1015,1342.33,transactions/2024-10.csv
TXN-2229862,ACC-1008,652.01,transactions/2024-10.csv
TXN-5453468,ACC-1033,1417.57,transactions/2024-10.csv
TXN-9036519,ACC-1002,1398.81,transactions/2024-10.csv
TXN-8413944,ACC-1010,220.09,transactions/2024-10.csv
TXN-7898938,ACC-1040,1377.23,transactions/2024-10.csv
TXN-8889534,ACC-1022,347.12,transactions/2024-10.csv
TXN-1780304,ACC-1033,4363.71,transactions/2024-10.csv
TXN-4002641,ACC-1006,1724.03,transactions/2024-10.csv
TXN-4616776,ACC-1020,1335.10,transactions/2024-10.csv
TXN-5474973,ACC-1003,208.01,transactions/2024-10.csv
TXN-3032474,ACC-1016,389.07,transactions/2024-10.csv
TXN-6195215,ACC-1015,120.50,transactions/2024-10.csv
TXN-7808806,ACC-1013,304.72,transactions/2024-10.csv
TXN-8220179,ACC-1010,2163.32,transactions/2024-10.csv
TXN-8977529,ACC-1015,1914.55,transactions/2024-10.csv
TXN-1178443,ACC-1035,1003.24,transactions/2024-10.csv
TXN-5994987,ACC-1023,597.42,transactions/2024-10.csv
TXN-5213846,ACC-1037,3072.90,transactions/2024-10.csv
TXN-9446764,ACC-1023,1249.77,transactions/2024-10.csv
TXN-2205501,ACC-1030,177.22,transactions/2024-10.csv
TXN-2286382,ACC-1009,1126.89,transactions/2024-10.csv
TXN-4086679,ACC-1008,1155.57,transactions/2024-10.csv
TXN-6198831,ACC-1036,580.98,transactions/2024-10.csv
TXN-8298936,ACC-1039,394.74,transactions/2024-10.csv
TXN-9258884,ACC-1026,173.11,transactions/2024-10.csv
TXN-3187491,ACC-1009,2019.59,transactions/2024-11.csv
TXN-5362108,ACC-1001,3348.82,transactions/2024-11.csv
TXN-4550206,ACC-1030,100.31,transactions/2024-11.csv
TXN-3918030,ACC-1039,487.83,transactions/2024-11.csv
TXN-1125643,ACC-1014,839.34,transactions/2024-11.csv
TXN-1232524,ACC-1035,1201.78,transactions/2024-11.csv
TXN-4374640,ACC-1007,1055.74,transactions/2024-11.csv
TXN-8890372,ACC-1009,823.73,transactions/2024-11.csv
TXN-3062277,ACC-1032,1437.24,transactions/2024-11.csv
TXN-3557912,ACC-1033,1823.90,transactions/2024-11.csv
TXN-3995613,ACC-1038,2359.36,transactions/2024-11.csv
TXN-6130229,ACC-1032,1202.40,transactions/2024-11.csv
TXN-5571238,ACC-1019,4489.86,transactions/2024-11.csv
TXN-7410887,ACC-1008,1415.27,transactions/2024-11.csv
TXN-9866867,ACC-1013,1644.16,transactions/2024-11.csv
TXN-4803592,ACC-1032,325.69,transactions/2024-11.csv
TXN-8569609,ACC-1026,2163.28,transactions/2024-11.csv
TXN-3267104,ACC-1029,2224.46,transactions/2024-11.csv
TXN-4800732,ACC-1025,1537.10,transactions/2024-11.csv
TXN-1547766,ACC-1001,1325.56,transactions/2024-11.csv
TXN-4513273,ACC-1017,1443.92,transactions/2024-11.csv
TXN-8558397,ACC-1028,1014.86,transactions/2024-11.csv
TXN-5522460,ACC-1001,1496.93,transactions/2024-11.csv
TXN-8187544,ACC-1031,148.21,transactions/2024-11.csv
TXN-3909474,ACC-1034,291.33,transactions/2024-11.csv
TXN-8551575,ACC-1038,49.23,transactions/2024-11.csv
TXN-1733013,ACC-1018,1371.52,transactions/2024-11.csv
TXN-9211630,ACC-1002,654.88,transactions/2024-11.csv
TXN-2707439,ACC-1026,1777.47,transactions/2024-11.csv
TXN-7140965,ACC-1013,3284.01,transactions/2024-11.csv
TXN-9335532,ACC-1029,886.51,transactions/2024-11.csv
TXN-9447542,ACC-1017,1740.61,transactions/2024-11.csv
TXN-3854959,ACC-1039,930.35,transactions/2024-11.csv
TXN-5216130,ACC-1014,1371.00,transactions/2024-11.csv
TXN-5962651,ACC-1033,1856.07,transactions/2024-11.csv
TXN-6886103,ACC-1021,2359.16,transactions/2024-11.csv
TXN-8336814,ACC-1009,222.79,transactions/2024-11.csv
TXN-7637004,ACC-1034,1466.27,transactions/2024-11.csv
TXN-7817526,ACC-1025,2282.35,transactions/2024-11.csv
TXN-3832596,ACC-1008,107.46,transactions/2024-11.csv
TXN-4551663,ACC-1030,464.28,transactions/2024-11.csv
TXN-6222580,ACC-1032,2191.39,transactions/2024-11.csv
TXN-6299983,ACC-1018,1551.85,transactions/2024-11.csv
TXN-8601166,ACC-1029,1890.64,transactions/2024-11.csv
TXN-3640500,ACC-1023,1626.32,transactions/2024-11.csv
TXN-5548857,ACC-1014,76.97,transactions/2024-11.csv
TXN-3953257,ACC-1027,82.90,transactions/2024-11.csv
TXN-5113499,ACC-1006,2040.99,transactions/2024-11.csv
TXN-8400265,ACC-1020,2395.48,transactions/2024-11.csv
TXN-7765421,ACC-1015,1405.71,transactions/2024-11.csv
TXN-1239072,ACC-1004,602.00,transactions/2024-11.csv
TXN-7797887,ACC-1028,991.88,transactions/2024-11.csv
TXN-8660462,ACC-1024,113.15,transactions/2024-11.csv
TXN-2518388,ACC-1003,347.15,transactions/2024-11.csv
TXN-4053601,ACC-1024,4655.69,transactions/2024-11.csv
TXN-8250157,ACC-1008,696.15,transactions/2024-11.csv
TXN-2363063,ACC-1021,24.68,transactions/2024-11.csv
TXN-2863273,ACC-1029,388.48,transactions/2024-11.csv
TXN-8438585,ACC-1004,351.81,transactions/2024-11.csv
TXN-1016925,ACC-1004,1279.94,transactions/2024-11.csv
TXN-2808739,ACC-1029,1708.97,transactions/2024-11.csv
TXN-4906590,ACC-1039,998.86,transactions/2024-11.csv
TXN-9217688,ACC-1033,218.69,transactions/2024-11.csv
TXN-3888681,ACC-1009,2269.71,transactions/2024-12.csv
TXN-5920697,ACC-1029,1836.20,transactions/2024-12.csv
TXN-6037666,ACC-1006,272.13,transactions/2024-12.csv
TXN-1126335,ACC-1009,627.08,transactions/2024-12.csv
TXN-1924785,ACC-1004,2164.46,transactions/2024-12.csv
TXN-4742357,ACC-1006,1547.49,transactions/2024-12.csv
TXN-9018602,ACC-1038,1545.67,transactions/2024-12.csv
TXN-3610217,ACC-1027,322.67,transactions/2024-12.csv
TXN-4428749,ACC-1001,2091.58,transactions/2024-12.csv
TXN-7979313,ACC-1037,2626.62,transactions/2024-12.csv
TXN-1606171,ACC-1024,904.68,transactions/2024-12.csv
TXN-4945413,ACC-1015,1190.36,transactions/2024-12.csv
TXN-7299573,ACC-1031,2047.89,transactions/2024-12.csv
TXN-8583548,ACC-1024,2146.78,transactions/2024-12.csv
TXN-3649324,ACC-1003,366.10,transactions/2024-12.csv
TXN-1314017,ACC-1038,201.53,transactions/2024-12.csv
TXN-4992530,ACC-1019,916.40,transactions/2024-12.csv
TXN-8745618,ACC-1039,1660.53,transactions/2024-12.csv
TXN-3819102,ACC-1025,2227.76,transactions/2024-12.csv
TXN-8464444,ACC-1039,1965.05,transactions/2024-12.csv
TXN-2685811,ACC-1015,1741.98,transactions/2024-12.csv
TXN-5574372,ACC-1014,267.53,transactions/2024-12.csv
TXN-8243673,ACC-1023,4912.68,transactions/2024-12.csv
TXN-8298288,ACC-1031,829.47,transactions/2024-12.csv
TXN-7048746,ACC-1023,2026.99,transactions/2024-12.csv
TXN-7118131,ACC-1014,2464.54,transactions/2024-12.csv
TXN-9626136,ACC-1037,1325.67,transactions/2024-12.csv
TXN-1193697,ACC-1020,2136.38,transactions/2024-12.csv
TXN-6181272,ACC-1023,2434.25,transactions/2024-12.csv
TXN-8855384,ACC-1027,591.37,transactions/2024-12.csv
TXN-9354421,ACC-1031,2005.55,transactions/2024-12.csv
TXN-1798422,ACC-1029,537.01,transactions/2024-12.csv
TXN-5764171,ACC-1028,2280.67,transactions/2024-12.csv
TXN-9926793,ACC-1028,1441.85,transactions/2024-12.csv
TXN-8472342,ACC-1013,3875.29,transactions/2024-12.csv
TXN-9231741,ACC-1017,474.17,transactions/2024-12.csv
TXN-4635300,ACC-1026,332.72,transactions/2024-12.csv
TXN-6818082,ACC-1016,1224.62,transactions/2024-12.csv
TXN-1626415,ACC-1034,321.54,transactions/2024-12.csv
TXN-6206334,ACC-1019,1940.53,transactions/2024-12.csv
TXN-7539733,ACC-1006,289.48,transactions/2024-12.csv
TXN-8241097,ACC-1037,1867.61,transactions/2024-12.csv
TXN-6721960,ACC-1012,1422.31,transactions/2024-12.csv
TXN-7076947,ACC-1031,4937.29,transactions/2024-12.csv
TXN-2731170,ACC-1026,804.58,transactions/2024-12.csv
TXN-3834819,ACC-1026,1509.36,transactions/2024-12.csv
TXN-9691674,ACC-1039,2327.97,transactions/2024-12.csv
TXN-1122549,ACC-1024,1697.12,transactions/2024-12.csv
TXN-1724927,ACC-1007,1622.09,transactions/2024-12.csv
TXN-3036150,ACC-1024,1179.42,transactions/2024-12.csv
TXN-8205831,ACC-1029,1275.82,transactions/2024-12.csv
TXN-5208198,ACC-1012,1169.47,transactions/2024-12.csv
TXN-4754186,ACC-1020,2399.52,transactions/2024-12.csv
TXN-5932830,ACC-1022,542.19,transactions/2024-12.csv
TXN-5327356,ACC-1025,1005.20,transactions/2024-12.csv
TXN-8838025,ACC-1002,1449.67,transactions/2024-12.csv
TXN-3592422,ACC-1022,140.93,transactions/2024-12.csv
TXN-3961080,ACC-1028,1355.40,transactions/2024-12.csv
TXN-3961155,ACC-1029,3114.42,transactions/2024-12.csv
TXN-2006568,ACC-1018,4510.34,transactions/2024-12.csv
TXN-2159428,ACC-1026,181.72,transactions/2024-12.csv
TXN-3863515,ACC-1009,1893.15,transactions/2024-12.csv
TXN-4523928,ACC-1017,408.61,transactions/2024-12.csv
TXN-4096440,ACC-1014,3849.67,transactions/2024-12.csv
TXN-4865133,ACC-1034,1026.07,transactions/2024-12.csv
TXN-6642039,ACC-1019,884.81,transactions/2024-12.csv
TXN-6638833,ACC-1009,1067.35,transactions/2024-12.csv
TXN-7935380,ACC-1025,3085.57,transactions/2024-12.csv
TXN-7747416,ACC-1021,3000.24,transactions/2025-01.csv
TXN-1839519,ACC-1005,1039.67,transactions/2025-01.csv
TXN-7256119,ACC-1039,1793.01,transactions/2025-01.csv
TXN-8668156,ACC-1019,1534.39,transactions/2025-01.csv
TXN-2537154,ACC-1017,1271.93,transactions/2025-01.csv
TXN-6152131,ACC-1038,1397.98,transactions/2025-01.csv
TXN-2156091,ACC-1037,665.04,transactions/2025-01.csv
TXN-2270705,ACC-1003,561.94,transactions/2025-01.csv
TXN-3257756,ACC-1011,53.23,transactions/2025-01.csv
TXN-4434700,ACC-1006,1905.63,transactions/2025-01.csv
TXN-6350506,ACC-1003,1257.74,transactions/2025-01.csv
TXN-8971074,ACC-1019,2256.90,transactions/2025-01.csv
TXN-9311313,ACC-1032,1147.02,transactions/2025-01.csv
TXN-3287325,ACC-1025,1010.85,transactions/2025-01.csv
TXN-7269845,ACC-1018,1480.83,transactions/2025-01.csv
TXN-9602712,ACC-1031,415.28,transactions/2025-01.csv
TXN-4547451,ACC-1031,2343.05,transactions/2025-01.csv
TXN-4113829,ACC-1027,19.72,transactions/2025-01.csv
TXN-4370090,ACC-1026,1105.41,transactions/2025-01.csv
TXN-4791498,ACC-1038,2357.05,transactions/2025-01.csv
TXN-5698356,ACC-1038,3100.18,transactions/2025-01.csv
TXN-2262711,ACC-1029,1096.46,transactions/2025-01.csv
TXN-7294015,ACC-1026,304.85,transactions/2025-01.csv
TXN-2085564,ACC-1014,3590.62,transactions/2025-01.csv
TXN-3444457,ACC-1010,1003.26,transactions/2025-01.csv
TXN-6567659,ACC-1021,180.00,transactions/2025-01.csv
TXN-1489766,ACC-1002,1510.48,transactions/2025-01.csv
TXN-4421596,ACC-1030,2203.43,transactions/2025-01.csv
TXN-5330059,ACC-1017,2135.94,transactions/2025-01.csv
TXN-6055808,ACC-1027,1807.00,transactions/2025-01.csv
TXN-9173524,ACC-1039,1809.82,transactions/2025-01.csv
TXN-4727312,ACC-1001,1561.10,transactions/2025-01.csv
TXN-7358727,ACC-1036,476.65,transactions/2025-01.csv
TXN-7500185,ACC-1031,2139.31,transactions/2025-01.csv
TXN-8275011,ACC-1037,1923.15,transactions/2025-01.csv
TXN-1273894,ACC-1032,205.59,transactions/2025-01.csv
TXN-3773266,ACC-1022,88.95,transactions/2025-01.csv
TXN-4059603,ACC-1004,224.64,transactions/2025-01.csv
TXN-8720205,ACC-1018,223.57,transactions/2025-01.csv
TXN-8237610,ACC-1030,1685.11,transactions/2025-01.csv
TXN-9568796,ACC-1019,263.33,transactions/2025-01.csv
TXN-1318892,ACC-1021,1006.34,transactions/2025-01.csv
TXN-3203526,ACC-1024,3401.33,transactions/2025-01.csv
TXN-6218617,ACC-1007,1425.94,transactions/2025-01.csv
TXN-8781814,ACC-1028,87.53,transactions/2025-01.csv
TXN-2205399,ACC-1011,195.99,transactions/2025-01.csv
TXN-5037047,ACC-1012,355.05,transactions/2025-01.csv
TXN-5640400,ACC-1026,1609.93,transactions/2025-01.csv
TXN-3182643,ACC-1030,366.40,transactions/2025-01.csv
TXN-8668205,ACC-1001,3991.30,transactions/2025-01.csv
TXN-9479708,ACC-1016,1184.14,transactions/2025-01.csv
TXN-1172011,ACC-1029,271.04,transactions/2025-01.csv
TXN-2790361,ACC-1002,148.69,transactions/2025-01.csv
TXN-3315334,ACC-1019,1518.37,transactions/2025-01.csv
TXN-5699234,ACC-1011,418.08,transactions/2025-01.csv
TXN-8675012,ACC-1005,1474.99,transactions/2025-01.csv
TXN-2367093,ACC-1034,1888.77,transactions/2025-01.csv
TXN-3204067,ACC-1023,179.31,transactions/2025-01.csv
TXN-7031068,ACC-1023,682.03,transactions/2025-01.csv
TXN-1297093,ACC-1012,535.47,transactions/2025-01.csv
TXN-1915893,ACC-1029,154.18,transactions/2025-01.csv
TXN-4445479,ACC-1020,863.09,transactions/2025-01.csv
TXN-5853368,ACC-1040,705.47,transactions/2025-01.csv
TXN-8359138,ACC-1017,2408.32,transactions/2025-01.csv
TXN-7711478,ACC-1018,1916.50,transactions/2025-01.csv
TXN-8728928,ACC-1013,157.04,transactions/2025-01.csv
TXN-1995388,ACC-1021,148.18,transactions/2025-01.csv
TXN-2692582,ACC-1015,2211.61,transactions/2025-01.csv
TXN-3621531,ACC-1012,1763.74,transactions/2025-01.csv
TXN-7599030,ACC-1003,2419.36,transactions/2025-01.csv
TXN-6833433,ACC-1001,1354.36,transactions/2025-02.csv
TXN-1555224,ACC-1026,1680.00,transactions/2025-02.csv
TXN-6195791,ACC-1037,1606.08,transactions/2025-02.csv
TXN-8052256,ACC-1034,1229.87,transactions/2025-02.csv
TXN-8257246,ACC-1027,2202.95,transactions/2025-02.csv
TXN-2451403,ACC-1002,4022.39,transactions/2025-02.csv
TXN-3386229,ACC-1027,2207.79,transactions/2025-02.csv
TXN-9177234,ACC-1023,1659.09,transactions/2025-02.csv
TXN-2694369,ACC-1002,2377.26,transactions/2025-02.csv
TXN-3545384,ACC-1040,4776.45,transactions/2025-02.csv
TXN-2586597,ACC-1034,1728.86,transactions/2025-02.csv
TXN-5960192,ACC-1032,1637.03,transactions/2025-02.csv
TXN-6113811,ACC-1035,222.60,transactions/2025-02.csv
TXN-4986338,ACC-1014,1382.67,transactions/2025-02.csv
TXN-8649134,ACC-1002,892.29,transactions/2025-02.csv
TXN-5456272,ACC-1023,946.29,transactions/2025-02.csv
TXN-5623337,ACC-1016,265.74,transactions/2025-02.csv
TXN-7090065,ACC-1022,2676.94,transactions/2025-02.csv
TXN-5343951,ACC-1002,1394.28,transactions/2025-02.csv
TXN-5982969,ACC-1020,355.48,transactions/2025-02.csv
TXN-7111274,ACC-1015,1499.12,transactions/2025-02.csv
TXN-3267981,ACC-1028,1992.37,transactions/2025-02.csv
TXN-3563198,ACC-1034,528.62,transactions/2025-02.csv
TXN-4410939,ACC-1027,1539.17,transactions/2025-02.csv
TXN-8765072,ACC-1011,1582.33,transactions/2025-02.csv
TXN-1680654,ACC-1035,1400.77,transactions/2025-02.csv
TXN-1755685,ACC-1026,182.35,transactions/2025-02.csv
TXN-5419782,ACC-1008,1972.30,transactions/2025-02.csv
TXN-5971802,ACC-1004,593.81,transactions/2025-02.csv
TXN-9289800,ACC-1012,107.51,transactions/2025-02.csv
TXN-3480903,ACC-1031,1932.15,transactions/2025-02.csv
TXN-3579340,ACC-1015,375.25,transactions/2025-02.csv
TXN-3913430,ACC-1018,2081.98,transactions/2025-02.csv
TXN-6366747,ACC-1038,346.19,transactions/2025-02.csv
TXN-9121111,ACC-1026,2028.29,transactions/2025-02.csv
TXN-9615619,ACC-1030,2684.90,transactions/2025-02.csv
TXN-9553854,ACC-1017,1871.38,transactions/2025-02.csv
TXN-2479046,ACC-1031,941.77,transactions/2025-02.csv
TXN-3781126,ACC-1006,1530.87,transactions/2025-02.csv
TXN-5171448,ACC-1013,13.88,transactions/2025-02.csv
TXN-3353423,ACC-1009,1002.12,transactions/2025-02.csv
TXN-7813525,ACC-1036,289.19,transactions/2025-02.csv
TXN-4378133,ACC-1022,2026.12,transactions/2025-02.csv
TXN-9514154,ACC-1020,780.22,transactions/2025-02.csv
TXN-3591956,ACC-1013,213.39,transactions/2025-02.csv
TXN-5056144,ACC-1012,615.99,transactions/2025-02.csv
TXN-6013590,ACC-1017,518.71,transactions/2025-02.csv
TXN-5954639,ACC-1039,2250.32,transactions/2025-02.csv
TXN-6814260,ACC-1026,1817.35,transactions/2025-02.csv
TXN-9235652,ACC-1005,700.18,transactions/2025-02.csv
TXN-9676243,ACC-1015,259.57,transactions/2025-02.csv
TXN-1372244,ACC-1024,1568.96,transactions/2025-02.csv
TXN-5414895,ACC-1024,18.32,transactions/2025-02.csv
TXN-5456868,ACC-1027,1360.47,transactions/2025-02.csv
TXN-7483071,ACC-1021,2220.45,transactions/2025-02.csv
TXN-7526535,ACC-1038,1036.80,transactions/2025-02.csv
TXN-1043078,ACC-1010,385.15,transactions/2025-02.csv
TXN-4069720,ACC-1014,1141.53,transactions/2025-02.csv
TXN-3443376,ACC-1040,356.03,transactions/2025-02.csv
TXN-6374166,ACC-1029,1228.68,transactions/2025-02.csv
TXN-3884215,ACC-1014,1887.68,transactions/2025-02.csv
TXN-5476041,ACC-1014,203.59,transactions/2025-02.csv
TXN-3575534,ACC-1008,500.12,transactions/2025-02.csv
TXN-4450202,ACC-1026,2261.69,transactions/2025-02.csv
TXN-4939760,ACC-1020,1820.18,transactions/2025-02.csv
TXN-7422735,ACC-1016,2716.09,transactions/2025-02.csv
TXN-5184399,ACC-1038,1480.85,transactions/2025-02.csv
TXN-8296106,ACC-1005,2148.92,transactions/2025-02.csv
TXN-8689920,ACC-1035,101.79,transactions/2025-02.csv
TXN-1140267,ACC-1028,2283.40,transactions/2025-03.csv
TXN-1683240,ACC-1032,784.10,transactions/2025-03.csv
TXN-5459133,ACC-1024,1196.20,transactions/2025-03.csv
TXN-7274272,ACC-1036,2196.83,transactions/2025-03.csv
TXN-9784473,ACC-1037,949.97,transactions/2025-03.csv
TXN-5237873,ACC-1038,215.07,transactions/2025-03.csv
TXN-9413239,ACC-1004,2074.51,transactions/2025-03.csv
TXN-9468219,ACC-1007,1794.67,transactions/2025-03.csv
TXN-1858255,ACC-1006,305.54,transactions/2025-03.csv
TXN-2920069,ACC-1025,838.39,transactions/2025-03.csv
TXN-4982427,ACC-1011,994.48,transactions/2025-03.csv
TXN-6066212,ACC-1021,2585.02,transactions/2025-03.csv
TXN-6882478,ACC-1026,2777.35,transactions/2025-03.csv
TXN-7438664,ACC-1035,385.33,transactions/2025-03.csv
TXN-9769222,ACC-1003,1241.83,transactions/2025-03.csv
TXN-4599689,ACC-1024,339.66,transactions/2025-03.csv
TXN-9169350,ACC-1027,1024.23,transactions/2025-03.csv
TXN-1250535,ACC-1005,4600.36,transactions/2025-03.csv
TXN-4376661,ACC-1016,284.88,transactions/2025-03.csv
TXN-4987518,ACC-1015,1916.62,transactions/2025-03.csv
TXN-5555662,ACC-1028,2188.37,transactions/2025-03.csv
TXN-5676343,ACC-1022,1908.70,transactions/2025-03.csv
TXN-6919326,ACC-1020,1686.53,transactions/2025-03.csv
TXN-9409352,ACC-1002,1649.30,transactions/2025-03.csv
TXN-7687322,ACC-1014,2242.98,transactions/2025-03.csv
TXN-5752345,ACC-1005,2233.73,transactions/2025-03.csv
TXN-4586161,ACC-1017,1721.89,transactions/2025-03.csv
TXN-6323729,ACC-1025,1061.00,transactions/2025-03.csv
TXN-9814002,ACC-1033,297.42,transactions/2025-03.csv
TXN-2895280,ACC-1038,3116.66,transactions/2025-03.csv
TXN-3814606,ACC-1024,1770.76,transactions/2025-03.csv
TXN-3987284,ACC-1004,325.50,transactions/2025-03.csv
TXN-5382497,ACC-1006,566.39,transactions/2025-03.csv
TXN-8799549,ACC-1018,1208.65,transactions/2025-03.csv
TXN-1054940,ACC-1024,1398.47,transactions/2025-03.csv
TXN-1223255,ACC-1015,1174.87,transactions/2025-03.csv
TXN-2049895,ACC-1013,1327.96,transactions/2025-03.csv
TXN-2296631,ACC-1024,241.02,transactions/2025-03.csv
TXN-6303007,ACC-1002,103.05,transactions/2025-03.csv
TXN-8362260,ACC-1012,263.27,transactions/2025-03.csv
TXN-1980549,ACC-1008,4123.64,transactions/2025-03.csv
TXN-6129159,ACC-1021,1908.03,transactions/2025-03.csv
TXN-6875322,ACC-1030,2429.52,transactions/2025-03.csv
TXN-6790964,ACC-1006,1222.24,transactions/2025-03.csv
TXN-2238546,ACC-1007,363.34,transactions/2025-03.csv
TXN-7564649,ACC-1037,1692.51,transactions/2025-03.csv
TXN-7563821,ACC-1020,1406.36,transactions/2025-03.csv
TXN-8011113,ACC-1032,2410.70,transactions/2025-03.csv
TXN-8530280,ACC-1005,1877.81,transactions/2025-03.csv
TXN-9075534,ACC-1032,1436.75,transactions/2025-03.csv
TXN-9524517,ACC-1004,322.98,transactions/2025-03.csv
TXN-3360172,ACC-1012,2351.17,transactions/2025-03.csv
TXN-6795818,ACC-1019,1735.23,transactions/2025-03.csv
TXN-7335819,ACC-1020,1862.75,transactions/2025-03.csv
TXN-4105222,ACC-1018,1283.69,transactions/2025-03.csv
TXN-4346795,ACC-1014,4381.41,transactions/2025-03.csv
TXN-5499315,ACC-1014,4429.53,transactions/2025-03.csv
TXN-2773520,ACC-1009,1873.83,transactions/2025-03.csv
TXN-4792842,ACC-1018,2283.94,transactions/2025-03.csv
TXN-6247947,ACC-1029,2316.93,transactions/2025-03.csv
TXN-8055950,ACC-1014,99.19,transactions/2025-03.csv
TXN-1772214,ACC-1020,1755.93,transactions/2025-03.csv
TXN-5912593,ACC-1030,297.44,transactions/2025-03.csv
TXN-6206471,ACC-1027,4266.57,transactions/2025-03.csv
TXN-1734995,ACC-1039,2275.51,transactions/2025-03.csv
TXN-1988387,ACC-1006,746.69,transactions/2025-03.csv
TXN-2608223,ACC-1004,7.27,transactions/2025-03.csv
TXN-6129947,ACC-1010,13.27,transactions/2025-03.csv
TXN-7914067,ACC-1012,1867.01,transactions/2025-03.csv
TXN-5267060,ACC-1025,1196.51,transactions/2025-03.csv
TXN-7535371,ACC-1012,2263.10,transactions/2025-03.csv
TXN-6763854,ACC-1035,663.13,transactions/2025-03.csv
TXN-9392019,ACC-1033,2419.63,transactions/2025-03.csv
TXN-1866023,ACC-1031,1069.07,transactions/2025-03.csv
TXN-4013034,ACC-1010,1982.07,transactions/2025-03.csv
TXN-7247991,ACC-1028,1742.77,transactions/2025-03.csv
TXN-2426645,ACC-1038,2172.86,transactions/2025-03.csv
TXN-1945080,ACC-1022,69.56,transactions/2025-03.csv
TXN-2125169,ACC-1037,1813.53,transactions/2025-03.csv
TXN-3605304,ACC-1014,9.00,transactions/2025-03.csv
TXN-4044641,ACC-1029,2009.09,transactions/2025-03.csv
TXN-5798851,ACC-1036,947.32,transactions/2025-03.csv
TXN-7162508,ACC-1026,2376.91,transactions/2025-03.csv
TXN-6290781,ACC-1033,74.57,transactions/2025-03.csv
TXN-3278176,ACC-1021,2408.00,transactions/2025-04.csv
TXN-3299203,ACC-1005,302.60,transactions/2025-04.csv
TXN-7396095,ACC-1013,4942.24,transactions/2025-04.csv
TXN-5424196,ACC-1024,892.88,transactions/2025-04.csv
TXN-9772110,ACC-1027,771.35,transactions/2025-04.csv
TXN-1748857,ACC-1033,974.58,transactions/2025-04.csv
TXN-2633067,ACC-1026,2166.20,transactions/2025-04.csv
TXN-8746620,ACC-1020,438.15,transactions/2025-04.csv
TXN-2242100,ACC-1025,227.49,transactions/2025-04.csv
TXN-6646183,ACC-1030,374.93,transactions/2025-04.csv
TXN-6808481,ACC-1028,1686.65,transactions/2025-04.csv
TXN-4186087,ACC-1033,1926.94,transactions/2025-04.csv
TXN-7234942,ACC-1027,1125.89,transactions/2025-04.csv
TXN-4309311,ACC-1002,4449.95,transactions/2025-04.csv
TXN-5640361,ACC-1034,2291.48,transactions/2025-04.csv
TXN-6784635,ACC-1039,601.70,transactions/2025-04.csv
TXN-1172629,ACC-1031,570.58,transactions/2025-04.csv
TXN-6933626,ACC-1031,1618.37,transactions/2025-04.csv
TXN-8003852,ACC-1020,1744.30,transactions/2025-04.csv
TXN-1774303,ACC-1037,2041.52,transactions/2025-04.csv
TXN-8411194,ACC-1015,1760.21,transactions/2025-04.csv
TXN-9044255,ACC-1032,727.11,transactions/2025-04.csv
TXN-2778636,ACC-1011,35.32,transactions/2025-04.csv
TXN-5346277,ACC-1003,4287.29,transactions/2025-04.csv
TXN-1572366,ACC-1011,1526.75,transactions/2025-04.csv
TXN-4672452,ACC-1033,558.72,transactions/2025-04.csv
TXN-7636019,ACC-1029,520.04,transactions/2025-04.csv
TXN-1981018,ACC-1016,2232.15,transactions/2025-04.csv
TXN-2927784,ACC-1024,2219.50,transactions/2025-04.csv
TXN-4269210,ACC-1004,2184.38,transactions/2025-04.csv
TXN-8429408,ACC-1004,4789.59,transactions/2025-04.csv
TXN-4731398,ACC-1003,1374.60,transactions/2025-04.csv
TXN-7560625,ACC-1017,315.87,transactions/2025-04.csv
TXN-9140100,ACC-1023,365.37,transactions/2025-04.csv
TXN-4727449,ACC-1017,1488.61,transactions/2025-04.csv
TXN-8610641,ACC-1032,27.66,transactions/2025-04.csv
TXN-9392630,ACC-1011,3619.07,transactions/2025-04.csv
TXN-1055091,ACC-1014,227.68,transactions/2025-04.csv
TXN-5090521,ACC-1006,1587.15,transactions/2025-04.csv
TXN-6160831,ACC-1020,75.72,transactions/2025-04.csv
TXN-7898541,ACC-1033,881.72,transactions/2025-04.csv
TXN-8643244,ACC-1016,1938.91,transactions/2025-04.csv
TXN-9003757,ACC-1029,415.51,transactions/2025-04.csv
TXN-1933625,ACC-1008,3301.59,transactions/2025-04.csv
TXN-2479554,ACC-1026,3894.66,transactions/2025-04.csv
TXN-3928849,ACC-9787,297.50,transactions/2025-04.csv
TXN-4364115,ACC-1015,2411.32,transactions/2025-04.csv
TXN-9639909,ACC-1018,1754.45,transactions/2025-04.csv
TXN-9980005,ACC-1007,2006.37,transactions/2025-04.csv
TXN-2334077,ACC-1014,1805.28,transactions/2025-04.csv
TXN-4867790,ACC-1020,1236.91,transactions/2025-04.csv
TXN-7944220,ACC-1029,715.46,transactions/2025-04.csv
TXN-5401897,ACC-1003,4256.07,transactions/2025-04.csv
TXN-5721750,ACC-1024,264.62,transactions/2025-04.csv
TXN-5963959,ACC-1023,206.49,transactions/2025-04.csv
TXN-8894113,ACC-1013,478.29,transactions/2025-04.csv
TXN-3492274,ACC-1008,4950.58,transactions/2025-04.csv
TXN-4448043,ACC-1004,553.28,transactions/2025-04.csv
TXN-9362181,ACC-1001,326.60,transactions/2025-04.csv
TXN-9856124,ACC-1010,1257.07,transactions/2025-04.csv
TXN-6270615,ACC-1026,2331.85,transactions/2025-04.csv
TXN-9520559,ACC-1030,1590.89,transactions/2025-04.csv
TXN-7693559,ACC-1010,1085.07,transactions/2025-04.csv
TXN-8690707,ACC-1006,1879.52,transactions/2025-04.csv
TXN-9484451,ACC-1013,181.62,transactions/2025-04.csv
TXN-1554833,ACC-1013,254.87,transactions/2025-04.csv
TXN-2295661,ACC-1033,1907.38,transactions/2025-04.csv
TXN-3686401,ACC-1013,185.08,transactions/2025-04.csv
TXN-8231010,ACC-1017,336.81,transactions/2025-04.csv
TXN-1431877,ACC-1015,86.18,transactions/2025-04.csv
TXN-7150630,ACC-1013,3683.92,transactions/2025-04.csv
TXN-9464226,ACC-1012,4198.03,transactions/2025-04.csv
TXN-9762170,ACC-1003,106.29,transactions/2025-04.csv
TXN-1399314,ACC-1008,858.44,transactions/2025-04.csv
TXN-6643234,ACC-1011,340.01,transactions/2025-04.csv
TXN-5522460,ACC-1001,1496.93,transactions/2025-05.csv
TXN-4335898,ACC-1030,1132.04,transactions/2025-05.csv
TXN-5532976,ACC-1001,3256.55,transactions/2025-05.csv
TXN-6799479,ACC-1040,757.21,transactions/2025-05.csv
TXN-8651149,ACC-1036,1703.15,transactions/2025-05.csv
TXN-1526679,ACC-1037,816.42,transactions/2025-05.csv
TXN-1864681,ACC-1013,1849.90,transactions/2025-05.csv
TXN-3974339,ACC-1001,663.98,transactions/2025-05.csv
TXN-9044147,ACC-1020,531.66,transactions/2025-05.csv
TXN-1022221,ACC-1031,1484.30,transactions/2025-05.csv
TXN-1131440,ACC-1015,343.74,transactions/2025-05.csv
TXN-1267445,ACC-1030,705.08,transactions/2025-05.csv
TXN-4005402,ACC-1002,3909.89,transactions/2025-05.csv
TXN-7667999,ACC-1015,75.78,transactions/2025-05.csv
TXN-2802604,ACC-1030,1211.31,transactions/2025-05.csv
TXN-5326153,ACC-1034,1440.18,transactions/2025-05.csv
TXN-6193866,ACC-1036,103.71,transactions/2025-05.csv
TXN-7508163,ACC-1017,698.99,transactions/2025-05.csv
TXN-2190139,ACC-1004,178.51,transactions/2025-05.csv
TXN-3319438,ACC-1011,2294.78,transactions/2025-05.csv
TXN-3987906,ACC-1014,1096.27,transactions/2025-05.csv
TXN-5595550,ACC-1015,1435.02,transactions/2025-05.csv
TXN-7721635,ACC-1019,883.05,transactions/2025-05.csv
TXN-7849316,ACC-1026,364.71,transactions/2025-05.csv
TXN-5359921,ACC-1039,2674.51,transactions/2025-05.csv
TXN-3736029,ACC-1001,1065.01,transactions/2025-05.csv
TXN-4928417,ACC-1016,1210.34,transactions/2025-05.csv
TXN-6213846,ACC-1040,2936.46,transactions/2025-05.csv
TXN-8030367,ACC-1009,3009.58,transactions/2025-05.csv
TXN-1228959,ACC-1009,1053.54,transactions/2025-05.csv
TXN-4314985,ACC-1020,1095.98,transactions/2025-05.csv
TXN-1282547,ACC-1013,1441.84,transactions/2025-05.csv
TXN-2025465,ACC-1005,1765.82,transactions/2025-05.csv
TXN-2351631,ACC-1007,229.27,transactions/2025-05.csv
TXN-4520866,ACC-1030,1162.59,transactions/2025-05.csv
TXN-7543959,ACC-1021,2422.79,transactions/2025-05.csv
TXN-6922676,ACC-1017,777.12,transactions/2025-05.csv
TXN-1765990,ACC-1038,882.73,transactions/2025-05.csv
TXN-2188000,ACC-1030,1757.72,transactions/2025-05.csv
TXN-2558727,ACC-1021,484.37,transactions/2025-05.csv
TXN-2868420,ACC-1007,1707.67,transactions/2025-05.csv
TXN-3137915,ACC-1024,341.87,transactions/2025-05.csv
TXN-4349198,ACC-1038,1573.90,transactions/2025-05.csv
TXN-4766497,ACC-1004,2102.83,transactions/2025-05.csv
TXN-4944967,ACC-1007,2023.91,transactions/2025-05.csv
TXN-3814074,ACC-1006,536.41,transactions/2025-05.csv
TXN-9436768,ACC-1003,2149.52,transactions/2025-05.csv
TXN-6987036,ACC-1001,1084.78,transactions/2025-05.csv
TXN-7431708,ACC-1008,4318.98,transactions/2025-05.csv
TXN-9415987,ACC-1027,2333.13,transactions/2025-05.csv
TXN-4331516,ACC-1005,474.79,transactions/2025-05.csv
TXN-5887639,ACC-1014,519.40,transactions/2025-05.csv
TXN-6256125,ACC-1024,1967.02,transactions/2025-05.csv
TXN-9570701,ACC-1023,350.43,transactions/2025-05.csv
TXN-1734480,ACC-1031,1771.07,transactions/2025-05.csv
TXN-2821970,ACC-1013,38.60,transactions/2025-05.csv
TXN-3428508,ACC-1024,44.20,transactions/2025-05.csv
TXN-3868358,ACC-1026,284.71,transactions/2025-05.csv
TXN-8690772,ACC-1018,1422.72,transactions/2025-05.csv
TXN-6161699,ACC-1040,179.71,transactions/2025-05.csv
TXN-5177235,ACC-1001,1541.16,transactions/2025-05.csv
TXN-5857190,ACC-1028,295.69,transactions/2025-05.csv
TXN-8267363,ACC-1039,53.19,transactions/2025-05.csv
TXN-6291540,ACC-1040,69.02,transactions/2025-05.csv
TXN-9456863,ACC-1029,950.95,transactions/2025-05.csv
TXN-3108013,ACC-1015,1045.63,transactions/2025-05.csv
TXN-6165291,ACC-1003,1237.57,transactions/2025-05.csv
TXN-2013577,ACC-1010,2103.97,transactions/2025-05.csv
TXN-6719548,ACC-1032,1014.30,transactions/2025-05.csv
TXN-8729935,ACC-1007,720.77,transactions/2025-05.csv
TXN-9464038,ACC-1013,832.96,transactions/2025-05.csv
TXN-9551631,ACC-1006,122.95,transactions/2025-05.csv
TXN-4566718,ACC-1012,1963.64,transactions/2025-05.csv
TXN-6010908,ACC-1016,1665.52,transactions/2025-05.csv
TXN-6107417,ACC-1013,1544.18,transactions/2025-05.csv
TXN-9542839,ACC-1014,1068.13,transactions/2025-05.csv
TXN-2155047,ACC-1032,2362.81,transactions/2025-05.csv
TXN-5609388,ACC-1006,1459.47,transactions/2025-05.csv
TXN-6743938,ACC-1033,342.29,transactions/2025-05.csv
TXN-3735205,ACC-1024,1455.54,transactions/2025-05.csv
TXN-6395182,ACC-1036,1052.74,transactions/2025-05.csv
TXN-6536548,ACC-1008,1770.27,transactions/2025-05.csv
TXN-8082794,ACC-1025,970.14,transactions/2025-05.csv
TXN-8577027,ACC-1014,123.26,transactions/2025-05.csv
TXN-9193822,ACC-1036,3806.21,transactions/2025-05.csv
TXN-2191021,ACC-1030,628.62,transactions/2025-06.csv
TXN-4482151,ACC-1024,655.93,transactions/2025-06.csv
TXN-6806438,ACC-1025,129.96,transactions/2025-06.csv
TXN-7356077,ACC-1040,3957.50,transactions/2025-06.csv
TXN-8794957,ACC-1033,396.70,transactions/2025-06.csv
TXN-9142537,ACC-1018,329.07,transactions/2025-06.csv
TXN-9955525,ACC-1026,356.87,transactions/2025-06.csv
TXN-1713434,ACC-1001,1017.50,transactions/2025-06.csv
TXN-1825629,ACC-1031,1842.72,transactions/2025-06.csv
TXN-4498304,ACC-1028,312.70,transactions/2025-06.csv
TXN-6501527,ACC-1011,1512.74,transactions/2025-06.csv
TXN-2490069,ACC-1012,2226.54,transactions/2025-06.csv
TXN-4446808,ACC-1007,1805.35,transactions/2025-06.csv
TXN-9206879,ACC-1007,506.38,transactions/2025-06.csv
TXN-3575922,ACC-1016,186.94,transactions/2025-06.csv
TXN-8229602,ACC-1029,102.81,transactions/2025-06.csv
TXN-8234055,ACC-1033,867.54,transactions/2025-06.csv
TXN-5718738,ACC-1021,2037.10,transactions/2025-06.csv
TXN-8898244,ACC-1013,829.64,transactions/2025-06.csv
TXN-8144089,ACC-1025,1828.28,transactions/2025-06.csv
TXN-8535464,ACC-1022,1131.34,transactions/2025-06.csv
TXN-2001498,ACC-1031,317.00,transactions/2025-06.csv
TXN-2432226,ACC-1003,1978.02,transactions/2025-06.csv
TXN-9014256,ACC-1035,1463.46,transactions/2025-06.csv
TXN-9452047,ACC-1013,369.39,transactions/2025-06.csv
TXN-9011660,ACC-1035,60.95,transactions/2025-06.csv
TXN-9636433,ACC-1032,572.34,transactions/2025-06.csv
TXN-8691562,ACC-1025,48.71,transactions/2025-06.csv
TXN-7474838,ACC-1014,1594.78,transactions/2025-06.csv
TXN-7845170,ACC-1023,4502.83,transactions/2025-06.csv
TXN-4383605,ACC-1012,3993.62,transactions/2025-06.csv
TXN-7045061,ACC-1024,2071.16,transactions/2025-06.csv
TXN-7945274,ACC-1005,1710.77,transactions/2025-06.csv
TXN-8389739,ACC-1017,357.59,transactions/2025-06.csv
TXN-5217789,ACC-1003,1322.59,transactions/2025-06.csv
TXN-9438471,ACC-1028,747.76,transactions/2025-06.csv
TXN-1820562,ACC-1036,248.59,transactions/2025-06.csv
TXN-2957163,ACC-1013,1532.62,transactions/2025-06.csv
TXN-4709288,ACC-1001,2254.11,transactions/2025-06.csv
TXN-8179017,ACC-1014,158.65,transactions/2025-06.csv
TXN-2724899,ACC-1035,1306.05,transactions/2025-06.csv
TXN-9165486,ACC-1019,675.62,transactions/2025-06.csv
TXN-3864402,ACC-1034,1339.80,transactions/2025-06.csv
TXN-6313436,ACC-1016,161.03,transactions/2025-06.csv
TXN-8460600,ACC-1020,352.02,transactions/2025-06.csv
TXN-9343854,ACC-1013,108.55,transactions/2025-06.csv
TXN-1505443,ACC-1037,1128.91,transactions/2025-06.csv
TXN-5289910,ACC-1035,2292.86,transactions/2025-06.csv
TXN-6781938,ACC-1031,2329.06,transactions/2025-06.csv
TXN-9470783,ACC-1022,1249.50,transactions/2025-06.csv
TXN-2516053,ACC-1037,66.35,transactions/2025-06.csv
TXN-2794261,ACC-1026,260.47,transactions/2025-06.csv
TXN-2915664,ACC-1029,777.42,transactions/2025-06.csv
TXN-4403767,ACC-1017,188.56,transactions/2025-06.csv
TXN-9836271,ACC-1009,2178.34,transactions/2025-06.csv
TXN-1653193,ACC-1034,236.75,transactions/2025-06.csv
TXN-5930164,ACC-1008,1094.78,transactions/2025-06.csv
TXN-9311658,ACC-1013,415.43,transactions/2025-06.csv
TXN-4763512,ACC-1010,1128.72,transactions/2025-06.csv
TXN-7614175,ACC-1006,1253.86,transactions/2025-06.csv
TXN-8108069,ACC-1011,504.42,transactions/2025-06.csv
TXN-8759714,ACC-1002,1700.49,transactions/2025-06.csv
TXN-1590622,ACC-1004,196.41,transactions/2025-07.csv
TXN-1099757,ACC-1012,53.97,transactions/2025-07.csv
TXN-6787214,ACC-1016,816.75,transactions/2025-07.csv
TXN-7297249,ACC-1004,1988.11,transactions/2025-07.csv
TXN-7944207,ACC-1012,1776.62,transactions/2025-07.csv
TXN-9558317,ACC-1034,759.25,transactions/2025-07.csv
TXN-3008201,ACC-1029,2213.68,transactions/2025-07.csv
TXN-6598645,ACC-1026,1621.15,transactions/2025-07.csv
TXN-8720849,ACC-1034,3088.72,transactions/2025-07.csv
TXN-4830028,ACC-1004,3916.80,transactions/2025-07.csv
TXN-1158104,ACC-1035,545.29,transactions/2025-07.csv
TXN-5817088,ACC-1004,1336.79,transactions/2025-07.csv
TXN-2726620,ACC-1037,3084.67,transactions/2025-07.csv
TXN-2768261,ACC-1006,2319.67,transactions/2025-07.csv
TXN-2995657,ACC-1034,1823.29,transactions/2025-07.csv
TXN-4116590,ACC-1016,2072.16,transactions/2025-07.csv
TXN-6918680,ACC-1023,2198.26,transactions/2025-07.csv
TXN-2368606,ACC-1037,134.83,transactions/2025-07.csv
TXN-3778611,ACC-1030,943.56,transactions/2025-07.csv
TXN-8604009,ACC-1036,3176.31,transactions/2025-07.csv
TXN-9419429,ACC-1003,2294.39,transactions/2025-07.csv
TXN-1118001,ACC-1032,970.65,transactions/2025-07.csv
TXN-9340841,ACC-1028,177.48,transactions/2025-07.csv
TXN-2402829,ACC-1022,152.59,transactions/2025-07.csv
TXN-4456865,ACC-1035,2285.69,transactions/2025-07.csv
TXN-4715989,ACC-1027,1097.77,transactions/2025-07.csv
TXN-6987198,ACC-1037,1052.87,transactions/2025-07.csv
TXN-6899047,ACC-1037,449.19,transactions/2025-07.csv
TXN-8594303,ACC-1007,2419.53,transactions/2025-07.csv
TXN-1344608,ACC-1024,1273.48,transactions/2025-07.csv
TXN-4649016,ACC-1013,2022.03,transactions/2025-07.csv
TXN-7111193,ACC-1015,1700.56,transactions/2025-07.csv
TXN-7117722,ACC-1002,2334.25,transactions/2025-07.csv
TXN-3755048,ACC-1040,1639.85,transactions/2025-07.csv
TXN-2133117,ACC-1002,393.30,transactions/2025-07.csv
TXN-3620634,ACC-1027,296.13,transactions/2025-07.csv
TXN-9564482,ACC-1034,3049.73,transactions/2025-07.csv
TXN-3921458,ACC-1025,49.25,transactions/2025-07.csv
TXN-4261082,ACC-1030,300.31,transactions/2025-07.csv
TXN-5779741,ACC-1030,1410.55,transactions/2025-07.csv
TXN-6738949,ACC-1031,180.99,transactions/2025-07.csv
TXN-6767428,ACC-1012,2314.41,transactions/2025-07.csv
TXN-1292602,ACC-1013,1947.36,transactions/2025-07.csv
TXN-1293147,ACC-1018,4299.65,transactions/2025-07.csv
TXN-2991108,ACC-1006,261.96,transactions/2025-07.csv
TXN-3786062,ACC-1015,1712.51,transactions/2025-07.csv
TXN-7067317,ACC-1021,1245.18,transactions/2025-07.csv
TXN-7904744,ACC-1038,314.43,transactions/2025-07.csv
TXN-1004799,ACC-1028,230.91,transactions/2025-07.csv
TXN-3273305,ACC-1009,2155.64,transactions/2025-07.csv
TXN-4618143,ACC-1020,328.06,transactions/2025-07.csv
TXN-9431983,ACC-1022,1471.47,transactions/2025-07.csv
TXN-4397983,ACC-1021,1171.22,transactions/2025-07.csv
TXN-6543793,ACC-1015,2287.64,transactions/2025-07.csv
TXN-6744257,ACC-1007,2210.50,transactions/2025-07.csv
TXN-9777725,ACC-1010,1472.51,transactions/2025-07.csv
TXN-8322477,ACC-1032,858.92,transactions/2025-07.csv
TXN-9648301,ACC-1022,2217.45,transactions/2025-07.csv
TXN-4753334,ACC-1015,288.61,transactions/2025-07.csv
TXN-5413246,ACC-1014,596.05,transactions/2025-07.csv
TXN-9244733,ACC-1019,474.77,transactions/2025-07.csv
TXN-2205648,ACC-1030,647.53,transactions/2025-07.csv
TXN-5171159,ACC-1008,1214.95,transactions/2025-07.csv
TXN-5719865,ACC-1018,1879.15,transactions/2025-07.csv
TXN-6016410,ACC-1006,2111.05,transactions/2025-07.csv
TXN-6338657,ACC-1023,1590.17,transactions/2025-07.csv
TXN-7711797,ACC-1001,342.81,transactions/2025-07.csv
TXN-1378179,ACC-1004,2475.74,transactions/2025-07.csv
TXN-3511905,ACC-1025,2096.58,transactions/2025-07.csv
TXN-4308499,ACC-1022,4583.47,transactions/2025-07.csv
TXN-5873115,ACC-1010,1830.62,transactions/2025-07.csv
TXN-6754784,ACC-1028,309.47,transactions/2025-07.csv
TXN-7436617,ACC-1025,1874.22,transactions/2025-07.csv
TXN-9841293,ACC-1026,2408.92,transactions/2025-07.csv
TXN-1451875,ACC-1016,803.81,transactions/2025-07.csv
TXN-3027495,ACC-1004,289.07,transactions/2025-07.csv
TXN-5526399,ACC-1018,1636.06,transactions/2025-07.csv
TXN-5939289,ACC-1013,2391.53,transactions/2025-07.csv
TXN-1049698,ACC-1025,2384.43,transactions/2025-07.csv
TXN-1805387,ACC-1017,430.26,transactions/2025-07.csv
TXN-3846334,ACC-1035,1279.94,transactions/2025-07.csv
TXN-3886129,ACC-1039,1467.22,transactions/2025-08.csv
TXN-4020757,ACC-1026,235.63,transactions/2025-08.csv
TXN-7629820,ACC-1040,2358.99,transactions/2025-08.csv
TXN-2933505,ACC-1027,1499.75,transactions/2025-08.csv
TXN-3170779,ACC-1017,328.38,transactions/2025-08.csv
TXN-5032509,ACC-1002,868.04,transactions/2025-08.csv
TXN-5111881,ACC-1027,1715.12,transactions/2025-08.csv
TXN-5576394,ACC-1017,1769.17,transactions/2025-08.csv
TXN-6658489,ACC-1027,2034.70,transactions/2025-08.csv
TXN-4351485,ACC-1033,2206.66,transactions/2025-08.csv
TXN-2514232,ACC-1019,356.63,transactions/2025-08.csv
TXN-3662342,ACC-1004,2740.63,transactions/2025-08.csv
TXN-4424297,ACC-1027,1441.37,transactions/2025-08.csv
TXN-7597441,ACC-1017,214.83,transactions/2025-08.csv
TXN-9504504,ACC-1012,4032.46,transactions/2025-08.csv
TXN-4267090,ACC-1005,3038.66,transactions/2025-08.csv
TXN-6841641,ACC-1020,320.48,transactions/2025-08.csv
TXN-8997248,ACC-1004,317.76,transactions/2025-08.csv
TXN-1377964,ACC-1011,117.02,transactions/2025-08.csv
TXN-3893968,ACC-1019,252.85,transactions/2025-08.csv
TXN-6973738,ACC-1038,1673.97,transactions/2025-08.csv
TXN-7771373,ACC-1029,1682.34,transactions/2025-08.csv
TXN-1913079,ACC-1006,2047.67,transactions/2025-08.csv
TXN-6086787,ACC-1013,632.70,transactions/2025-08.csv
TXN-7448330,ACC-1035,2817.15,transactions/2025-08.csv
TXN-7745688,ACC-1030,283.65,transactions/2025-08.csv
TXN-4583983,ACC-1036,1191.60,transactions/2025-08.csv
TXN-8255117,ACC-1022,987.27,transactions/2025-08.csv
TXN-8976041,ACC-1030,1589.92,transactions/2025-08.csv
TXN-6192545,ACC-1029,584.96,transactions/2025-08.csv
TXN-4344200,ACC-1023,662.70,transactions/2025-08.csv
TXN-6263121,ACC-1004,160.90,transactions/2025-08.csv
TXN-1312006,ACC-1030,2269.13,transactions/2025-08.csv
TXN-6461081,ACC-1023,882.03,transactions/2025-08.csv
TXN-8344075,ACC-1022,1812.00,transactions/2025-08.csv
TXN-8066954,ACC-1016,1379.89,transactions/2025-08.csv
TXN-5508548,ACC-1039,195.67,transactions/2025-08.csv
TXN-6296917,ACC-1036,1114.16,transactions/2025-08.csv
TXN-6652884,ACC-1003,1459.19,transactions/2025-08.csv
TXN-4263986,ACC-1010,1596.16,transactions/2025-08.csv
TXN-4954655,ACC-1001,1316.98,transactions/2025-08.csv
TXN-5295049,ACC-1015,735.55,transactions/2025-08.csv
TXN-8310931,ACC-1004,1978.98,transactions/2025-08.csv
TXN-7002211,ACC-1006,1379.67,transactions/2025-08.csv
TXN-7618142,ACC-1019,1872.31,transactions/2025-08.csv
TXN-7648056,ACC-1015,1560.50,transactions/2025-08.csv
TXN-1647749,ACC-1026,2067.43,transactions/2025-08.csv
TXN-3743772,ACC-1018,3757.30,transactions/2025-08.csv
TXN-3831121,ACC-1001,48.70,transactions/2025-08.csv
TXN-5165714,ACC-1004,203.50,transactions/2025-08.csv
TXN-8054222,ACC-1010,1902.52,transactions/2025-08.csv
TXN-9965354,ACC-1030,181.71,transactions/2025-08.csv
TXN-2557917,ACC-1031,822.71,transactions/2025-08.csv
TXN-6232186,ACC-1001,2288.08,transactions/2025-08.csv
TXN-2532973,ACC-1033,1059.28,transactions/2025-08.csv
TXN-4260365,ACC-1008,44.21,transactions/2025-08.csv
TXN-8445238,ACC-1033,255.97,transactions/2025-08.csv
TXN-9333252,ACC-1032,132.07,transactions/2025-08.csv
TXN-4641801,ACC-1036,496.04,transactions/2025-08.csv
TXN-3994890,ACC-1029,302.51,transactions/2025-08.csv
TXN-5229308,ACC-1032,1363.53,transactions/2025-08.csv
TXN-6808716,ACC-1002,493.35,transactions/2025-08.csv
TXN-2190199,ACC-1001,897.41,transactions/2025-08.csv
TXN-2563329,ACC-1039,1648.15,transactions/2025-08.csv
TXN-3565156,ACC-1034,1283.93,transactions/2025-08.csv
TXN-2278790,ACC-1013,2013.11,transactions/2025-08.csv
TXN-5930341,ACC-1014,189.78,transactions/2025-08.csv
TXN-8630665,ACC-1036,432.24,transactions/2025-08.csv
TXN-9959576,ACC-1028,3821.31,transactions/2025-08.csv
TXN-6084234,ACC-1021,2026.23,transactions/2025-09.csv
TXN-9856865,ACC-1023,1953.97,transactions/2025-09.csv
TXN-5816229,ACC-1035,1469.25,transactions/2025-09.csv
TXN-7013472,ACC-1017,4019.98,transactions/2025-09.csv
TXN-3110101,ACC-1033,385.24,transactions/2025-09.csv
TXN-3401545,ACC-1012,2222.12,transactions/2025-09.csv
TXN-4189838,ACC-1037,1252.42,transactions/2025-09.csv
TXN-6106110,ACC-1023,1496.86,transactions/2025-09.csv
TXN-4587972,ACC-1020,365.31,transactions/2025-09.csv
TXN-5847772,ACC-1017,1126.37,transactions/2025-09.csv
TXN-1825755,ACC-1022,1132.63,transactions/2025-09.csv
TXN-3081020,ACC-1016,1824.22,transactions/2025-09.csv
TXN-5479184,ACC-1023,2426.00,transactions/2025-09.csv
TXN-5569062,ACC-1029,939.37,transactions/2025-09.csv
TXN-2213326,ACC-1022,2299.41,transactions/2025-09.csv
TXN-4048287,ACC-1007,1731.13,transactions/2025-09.csv
TXN-6413049,ACC-1021,1834.34,transactions/2025-09.csv
TXN-9928493,ACC-1018,367.26,transactions/2025-09.csv
TXN-1601018,ACC-1031,176.53,transactions/2025-09.csv
TXN-3022951,ACC-1004,170.45,transactions/2025-09.csv
TXN-6905050,ACC-1018,1261.49,transactions/2025-09.csv
TXN-8694042,ACC-1005,1155.76,transactions/2025-09.csv
TXN-3018943,ACC-1022,368.06,transactions/2025-09.csv
TXN-6725143,ACC-1030,2231.01,transactions/2025-09.csv
TXN-1511120,ACC-1020,488.21,transactions/2025-09.csv
TXN-5014555,ACC-1020,82.37,transactions/2025-09.csv
TXN-5589201,ACC-1003,1320.08,transactions/2025-09.csv
TXN-9888350,ACC-1037,2203.81,transactions/2025-09.csv
TXN-9944643,ACC-1026,161.79,transactions/2025-09.csv
TXN-5165468,ACC-1008,1263.75,transactions/2025-09.csv
TXN-7999106,ACC-1031,229.23,transactions/2025-09.csv
TXN-1088966,ACC-1021,703.35,transactions/2025-09.csv
TXN-3801861,ACC-1018,1986.76,transactions/2025-09.csv
TXN-5113317,ACC-1018,1111.50,transactions/2025-09.csv
TXN-6049181,ACC-1017,811.04,transactions/2025-09.csv
TXN-7775465,ACC-1014,970.61,transactions/2025-09.csv
TXN-1731716,ACC-1016,784.14,transactions/2025-09.csv
TXN-1804991,ACC-1010,1029.15,transactions/2025-09.csv
TXN-7442967,ACC-1028,1332.27,transactions/2025-09.csv
TXN-7598956,ACC-1040,4138.99,transactions/2025-09.csv
TXN-1857267,ACC-1005,1705.36,transactions/2025-09.csv
TXN-6295190,ACC-1007,131.67,transactions/2025-09.csv
TXN-7997846,ACC-1002,279.56,transactions/2025-09.csv
TXN-1265124,ACC-1021,2090.02,transactions/2025-09.csv
TXN-2972476,ACC-1001,1990.92,transactions/2025-09.csv
TXN-6149301,ACC-1040,389.68,transactions/2025-09.csv
TXN-7655670,ACC-1012,199.38,transactions/2025-09.csv
TXN-9252185,ACC-9781,2557.62,transactions/2025-09.csv
TXN-9500517,ACC-1038,248.03,transactions/2025-09.csv
TXN-2262595,ACC-1038,1002.22,transactions/2025-09.csv
TXN-9469391,ACC-1013,560.10,transactions/2025-09.csv
TXN-4416826,ACC-1012,2078.79,transactions/2025-09.csv
TXN-4602337,ACC-1037,1821.70,transactions/2025-09.csv
TXN-1229766,ACC-1007,644.90,transactions/2025-09.csv
TXN-3726858,ACC-1007,582.15,transactions/2025-09.csv
TXN-7634046,ACC-1027,1138.23,transactions/2025-09.csv
TXN-8731934,ACC-1030,1656.35,transactions/2025-09.csv
TXN-4730288,ACC-1022,1470.10,transactions/2025-09.csv
TXN-4783266,ACC-1021,20.44,transactions/2025-09.csv
TXN-3666879,ACC-1039,531.99,transactions/2025-09.csv
TXN-7905711,ACC-1015,3340.04,transactions/2025-09.csv
TXN-9529022,ACC-1015,3325.51,transactions/2025-09.csv
TXN-4182494,ACC-1009,1655.89,transactions/2025-09.csv
TXN-5793463,ACC-1028,1585.05,transactions/2025-09.csv
TXN-1169202,ACC-1015,2740.44,transactions/2025-09.csv
TXN-1781665,ACC-1005,423.57,transactions/2025-09.csv
TXN-3494316,ACC-1026,504.07,transactions/2025-09.csv
TXN-3221348,ACC-1015,1654.09,transactions/2025-09.csv
TXN-6811893,ACC-1006,455.68,transactions/2025-09.csv
TXN-7367765,ACC-1039,486.00,transactions/2025-09.csv
TXN-9886491,ACC-1017,816.51,transactions/2025-09.csv
TXN-2608223,ACC-1004,7.27,transactions/2025-10.csv
TXN-8694042,ACC-1005,1155.76,transactions/2025-10.csv
TXN-4683120,ACC-1029,1599.95,transactions/2025-10.csv
TXN-9276497,ACC-1034,1052.30,transactions/2025-10.csv
TXN-2864302,ACC-1031,500.49,transactions/2025-10.csv
TXN-2159873,ACC-1016,1180.39,transactions/2025-10.csv
TXN-3191035,ACC-1006,357.39,transactions/2025-10.csv
TXN-5642318,ACC-1022,1523.84,transactions/2025-10.csv
TXN-7017469,ACC-1024,2600.39,transactions/2025-10.csv
TXN-9917772,ACC-1001,337.65,transactions/2025-10.csv
TXN-8282929,ACC-1015,781.19,transactions/2025-10.csv
TXN-9852314,ACC-1036,1655.94,transactions/2025-10.csv
TXN-5918819,ACC-1031,831.15,transactions/2025-10.csv
TXN-6220422,ACC-1012,1625.90,transactions/2025-10.csv
TXN-8613622,ACC-1027,2320.09,transactions/2025-10.csv
TXN-1649490,ACC-1004,103.00,transactions/2025-10.csv
TXN-2667329,ACC-1035,1065.28,transactions/2025-10.csv
TXN-6122393,ACC-1014,2759.32,transactions/2025-10.csv
TXN-8389956,ACC-1015,4144.89,transactions/2025-10.csv
TXN-1732964,ACC-1009,1877.99,transactions/2025-10.csv
TXN-2174105,ACC-1019,406.50,transactions/2025-10.csv
TXN-8088527,ACC-1024,1507.63,transactions/2025-10.csv
TXN-9231228,ACC-1010,1943.84,transactions/2025-10.csv
TXN-1827285,ACC-1028,302.33,transactions/2025-10.csv
TXN-8473620,ACC-1017,4521.91,transactions/2025-10.csv
TXN-2095191,ACC-1022,1675.30,transactions/2025-10.csv
TXN-2202529,ACC-1009,1993.49,transactions/2025-10.csv
TXN-2843798,ACC-1024,1925.67,transactions/2025-10.csv
TXN-5375153,ACC-1026,1397.02,transactions/2025-10.csv
TXN-1715547,ACC-1030,1808.72,transactions/2025-10.csv
TXN-1910695,ACC-1033,1243.41,transactions/2025-10.csv
TXN-7572975,ACC-1038,98.99,transactions/2025-10.csv
TXN-4537293,ACC-1034,397.97,transactions/2025-10.csv
TXN-4868890,ACC-1006,666.99,transactions/2025-10.csv
TXN-7247532,ACC-1037,1450.34,transactions/2025-10.csv
TXN-9301688,ACC-1007,1542.00,transactions/2025-10.csv
TXN-2100731,ACC-1032,680.04,transactions/2025-10.csv
TXN-7080630,ACC-1008,1859.00,transactions/2025-10.csv
TXN-8288512,ACC-1008,3789.69,transactions/2025-10.csv
TXN-1647917,ACC-1032,1713.83,transactions/2025-10.csv
TXN-1907877,ACC-1006,1221.77,transactions/2025-10.csv
TXN-4668161,ACC-1025,1579.66,transactions/2025-10.csv
TXN-5815520,ACC-1032,675.07,transactions/2025-10.csv
TXN-4404403,ACC-1030,2225.10,transactions/2025-10.csv
TXN-1210326,ACC-1017,2041.12,transactions/2025-10.csv
TXN-1754293,ACC-1028,2305.00,transactions/2025-10.csv
TXN-6525750,ACC-1032,1054.76,transactions/2025-10.csv
TXN-7057529,ACC-1017,1151.03,transactions/2025-10.csv
TXN-8684384,ACC-1010,481.91,transactions/2025-10.csv
TXN-9682518,ACC-1030,1065.72,transactions/2025-10.csv
TXN-2580985,ACC-1030,4831.36,transactions/2025-10.csv
TXN-5295771,ACC-1007,56.62,transactions/2025-10.csv
TXN-3817175,ACC-1004,1136.34,transactions/2025-10.csv
TXN-6712656,ACC-1018,1576.50,transactions/2025-10.csv
TXN-8390988,ACC-1011,586.01,transactions/2025-10.csv
TXN-4216878,ACC-1003,674.95,transactions/2025-10.csv
TXN-7951864,ACC-1002,841.85,transactions/2025-10.csv
TXN-8736552,ACC-1021,4662.08,transactions/2025-10.csv
TXN-1617862,ACC-1031,483.43,transactions/2025-10.csv
TXN-2001361,ACC-1006,400.01,transactions/2025-10.csv
TXN-5182828,ACC-1014,1400.34,transactions/2025-10.csv
TXN-7682347,ACC-1035,1028.52,transactions/2025-10.csv
TXN-8253478,ACC-1014,2643.26,transactions/2025-10.csv
TXN-8470785,ACC-1001,1194.64,transactions/2025-10.csv
TXN-8410197,ACC-1002,1435.88,transactions/2025-10.csv
TXN-9120858,ACC-1001,1121.95,transactions/2025-10.csv
TXN-3819314,ACC-1040,176.01,transactions/2025-10.csv
TXN-6100802,ACC-1006,127.00,transactions/2025-10.csv
TXN-8048292,ACC-1019,3586.70,transactions/2025-10.csv
TXN-8875597,ACC-1024,650.61,transactions/2025-10.csv
TXN-9086652,ACC-1016,4008.48,transactions/2025-10.csv
TXN-7148544,ACC-1025,2423.28,transactions/2025-10.csv
TXN-7380730,ACC-1001,1246.46,transactions/2025-10.csv
TXN-6048473,ACC-1020,336.63,transactions/2025-10.csv
TXN-7995849,ACC-1011,2698.56,transactions/2025-10.csv
TXN-1223255,ACC-1015,1174.87,transactions/2025-11.csv
TXN-3772088,ACC-1034,567.04,transactions/2025-11.csv
TXN-4072986,ACC-1040,2090.76,transactions/2025-11.csv
TXN-4481636,ACC-1030,1413.43,transactions/2025-11.csv
TXN-4813824,ACC-1009,2296.75,transactions/2025-11.csv
TXN-4942206,ACC-1028,206.09,transactions/2025-11.csv
TXN-6440337,ACC-1033,196.26,transactions/2025-11.csv
TXN-8976376,ACC-1021,372.34,transactions/2025-11.csv
TXN-9460530,ACC-1039,187.85,transactions/2025-11.csv
TXN-7177321,ACC-1017,498.95,transactions/2025-11.csv
TXN-4593085,ACC-1016,2607.36,transactions/2025-11.csv
TXN-6722575,ACC-1016,779.20,transactions/2025-11.csv
TXN-7046099,ACC-1023,816.25,transactions/2025-11.csv
TXN-8226072,ACC-1037,61.20,transactions/2025-11.csv
TXN-9874234,ACC-1011,450.30,transactions/2025-11.csv
TXN-4336345,ACC-1004,1378.22,transactions/2025-11.csv
TXN-7606952,ACC-1002,1204.51,transactions/2025-11.csv
TXN-9449242,ACC-1015,2134.85,transactions/2025-11.csv
TXN-1051021,ACC-1019,343.11,transactions/2025-11.csv
TXN-1237803,ACC-1022,2090.89,transactions/2025-11.csv
TXN-7833963,ACC-1010,1452.84,transactions/2025-11.csv
TXN-8579300,ACC-1015,944.00,transactions/2025-11.csv
TXN-2609458,ACC-1005,196.89,transactions/2025-11.csv
TXN-3404450,ACC-1034,654.46,transactions/2025-11.csv
TXN-8707724,ACC-1033,225.88,transactions/2025-11.csv
TXN-9576435,ACC-1017,490.37,transactions/2025-11.csv
TXN-5129452,ACC-1002,215.16,transactions/2025-11.csv
TXN-6292529,ACC-1026,1249.75,transactions/2025-11.csv
TXN-9030125,ACC-1025,2359.52,transactions/2025-11.csv
TXN-1104027,ACC-1018,1883.93,transactions/2025-11.csv
TXN-5993461,ACC-1023,2144.71,transactions/2025-11.csv
TXN-4117676,ACC-1032,1033.45,transactions/2025-11.csv
TXN-6267753,ACC-1001,999.15,transactions/2025-11.csv
TXN-2098612,ACC-1016,3183.95,transactions/2025-11.csv
TXN-2340093,ACC-1017,1298.36,transactions/2025-11.csv
TXN-9351614,ACC-1039,298.55,transactions/2025-11.csv
TXN-1455395,ACC-1024,428.37,transactions/2025-11.csv
TXN-9761921,ACC-1006,2253.27,transactions/2025-11.csv
TXN-6608354,ACC-1005,66.46,transactions/2025-11.csv
TXN-7199413,ACC-1035,1220.37,transactions/2025-11.csv
TXN-1761550,ACC-1018,278.46,transactions/2025-11.csv
TXN-7462773,ACC-1009,1338.29,transactions/2025-11.csv
TXN-8272089,ACC-1029,1130.07,transactions/2025-11.csv
TXN-3575012,ACC-1034,940.18,transactions/2025-11.csv
TXN-9250108,ACC-1005,3981.49,transactions/2025-11.csv
TXN-2600506,ACC-1005,63.08,transactions/2025-11.csv
TXN-3992112,ACC-1014,723.54,transactions/2025-11.csv
TXN-1054747,ACC-1018,27.35,transactions/2025-11.csv
TXN-2304401,ACC-1002,387.56,transactions/2025-11.csv
TXN-3662801,ACC-1013,706.32,transactions/2025-11.csv
TXN-3872827,ACC-1015,756.87,transactions/2025-11.csv
TXN-9682205,ACC-1017,777.15,transactions/2025-11.csv
TXN-3331822,ACC-1013,825.68,transactions/2025-11.csv
TXN-6032823,ACC-1017,904.61,transactions/2025-11.csv
TXN-2336956,ACC-1008,779.35,transactions/2025-11.csv
TXN-9098736,ACC-1024,1444.80,transactions/2025-11.csv
TXN-3203085,ACC-1039,111.45,transactions/2025-11.csv
TXN-3291216,ACC-1025,997.60,transactions/2025-11.csv
TXN-8940758,ACC-1005,1689.36,transactions/2025-11.csv
TXN-9627536,ACC-1018,2081.48,transactions/2025-11.csv
TXN-1095829,ACC-1038,1779.83,transactions/2025-11.csv
TXN-6782288,ACC-1019,1669.15,transactions/2025-11.csv
TXN-1786328,ACC-1034,1305.70,transactions/2025-11.csv
TXN-4649372,ACC-1022,2171.40,transactions/2025-11.csv
TXN-9741243,ACC-1039,290.92,transactions/2025-11.csv
TXN-2711095,ACC-1025,4268.32,transactions/2025-12.csv
TXN-8321232,ACC-1017,2358.64,transactions/2025-12.csv
TXN-8510226,ACC-1005,212.65,transactions/2025-12.csv
TXN-8409380,ACC-1030,594.05,transactions/2025-12.csv
TXN-6823522,ACC-1002,376.37,transactions/2025-12.csv
TXN-7729249,ACC-1021,1417.21,transactions/2025-12.csv
TXN-8701229,ACC-1033,408.21,transactions/2025-12.csv
TXN-6015723,ACC-1019,2259.14,transactions/2025-12.csv
TXN-9453635,ACC-1030,4004.75,transactions/2025-12.csv
TXN-1925663,ACC-1019,449.82,transactions/2025-12.csv
TXN-1957502,ACC-1037,3985.38,transactions/2025-12.csv
TXN-2110319,ACC-1040,1235.40,transactions/2025-12.csv
TXN-5174488,ACC-1005,1347.31,transactions/2025-12.csv
TXN-9896283,ACC-1038,468.32,transactions/2025-12.csv
TXN-1422488,ACC-1026,1637.83,transactions/2025-12.csv
TXN-9118615,ACC-1023,1178.43,transactions/2025-12.csv
TXN-7468012,ACC-1012,872.14,transactions/2025-12.csv
TXN-2046111,ACC-1039,305.75,transactions/2025-12.csv
TXN-2463514,ACC-1025,3531.45,transactions/2025-12.csv
TXN-7732984,ACC-1023,124.38,transactions/2025-12.csv
TXN-9434231,ACC-1001,640.45,transactions/2025-12.csv
TXN-9868464,ACC-1031,705.57,transactions/2025-12.csv
TXN-8299281,ACC-1015,1721.61,transactions/2025-12.csv
TXN-8685892,ACC-1008,3087.21,transactions/2025-12.csv
TXN-1220220,ACC-1016,2643.95,transactions/2025-12.csv
TXN-2709468,ACC-1031,233.90,transactions/2025-12.csv
TXN-5839598,ACC-1007,1532.71,transactions/2025-12.csv
TXN-8183255,ACC-1030,1414.02,transactions/2025-12.csv
TXN-4390886,ACC-1009,3662.44,transactions/2025-12.csv
TXN-7699806,ACC-1019,200.50,transactions/2025-12.csv
TXN-8345117,ACC-1020,277.76,transactions/2025-12.csv
TXN-8537457,ACC-1006,2055.16,transactions/2025-12.csv
TXN-2748877,ACC-1028,2214.92,transactions/2025-12.csv
TXN-3143791,ACC-1039,1165.89,transactions/2025-12.csv
TXN-4401552,ACC-1036,724.12,transactions/2025-12.csv
TXN-5380773,ACC-1037,36.75,transactions/2025-12.csv
TXN-5438985,ACC-1007,496.42,transactions/2025-12.csv
TXN-5567086,ACC-1029,1396.19,transactions/2025-12.csv
TXN-6207009,ACC-1006,1552.32,transactions/2025-12.csv
TXN-3201431,ACC-1021,1178.05,transactions/2025-12.csv
TXN-5512591,ACC-1024,807.66,transactions/2025-12.csv
TXN-7999135,ACC-1029,1949.12,transactions/2025-12.csv
TXN-8287398,ACC-1037,2312.87,transactions/2025-12.csv
TXN-2720359,ACC-1015,1315.87,transactions/2025-12.csv
TXN-5651714,ACC-1025,1837.11,transactions/2025-12.csv
TXN-9970721,ACC-1006,457.84,transactions/2025-12.csv
TXN-6088658,ACC-1017,3073.08,transactions/2025-12.csv
TXN-9006318,ACC-1037,2108.93,transactions/2025-12.csv
TXN-6506039,ACC-1026,1557.29,transactions/2025-12.csv
TXN-6528804,ACC-1004,617.53,transactions/2025-12.csv
TXN-3908284,ACC-1036,24.64,transactions/2025-12.csv
TXN-6462595,ACC-1012,1952.76,transactions/2025-12.csv
TXN-7974757,ACC-1034,2866.34,transactions/2025-12.csv
TXN-9679864,ACC-1029,2304.93,transactions/2025-12.csv
TXN-2165040,ACC-1020,1482.31,transactions/2025-12.csv
TXN-3771741,ACC-1016,1004.37,transactions/2025-12.csv
TXN-4196177,ACC-1036,1812.15,transactions/2025-12.csv
TXN-4937794,ACC-1022,1262.29,transactions/2025-12.csv
TXN-8631811,ACC-1002,67.31,transactions/2025-12.csv
TXN-9693054,ACC-1027,1450.23,transactions/2025-12.csv
TXN-1593766,ACC-1019,1312.50,transactions/2025-12.csv
TXN-1699073,ACC-1018,1693.17,transactions/2025-12.csv
TXN-2244853,ACC-1015,1754.08,transactions/2025-12.csv
TXN-2383069,ACC-1032,801.98,transactions/2025-12.csv
TXN-8250986,ACC-1016,174.25,transactions/2025-12.csv
TXN-8484403,ACC-1011,2110.12,transactions/2025-12.csv
TXN-8653229,ACC-1022,3804.55,transactions/2025-12.csv
TXN-9116172,ACC-1004,13.85,transactions/2025-12.csv
TXN-9490616,ACC-9717,3765.71,transactions/2025-12.csv
TXN-1589614,ACC-1018,1063.52,transactions/2025-12.csv
TXN-8232377,ACC-1019,201.50,transactions/2025-12.csv
TXN-9922862,ACC-1031,1163.96,transactions/2025-12.csv
TXN-1683615,ACC-1021,1429.19,transactions/2025-12.csv
TXN-2267312,ACC-1027,1299.12,transactions/2025-12.csv
TXN-2771897,ACC-1029,1528.97,transactions/2025-12.csv
TXN-5208707,ACC-1026,2032.26,transactions/2025-12.csv
TXN-9845167,ACC-1001,586.81,transactions/2025-12.csv
TXN-2107878,ACC-1021,2441.96,transactions/2025-12.csv
TXN-3249115,ACC-1033,415.83,transactions/2025-12.csv
TXN-4322653,ACC-1009,328.57,transactions/2025-12.csv
TXN-2989165,ACC-1011,1261.56,transactions/2025-12.csv
TXN-4206310,ACC-1003,2351.30,transactions/2025-12.csv
TXN-4901446,ACC-1020,1710.83,transactions/2025-12.csv
TXN-5779191,ACC-1019,2234.92,transactions/2025-12.csv
TXN-8513015,ACC-1029,719.15,transactions/2025-12.csv
